Workbook

Sheet Summary
A1: Country | B1: ISO | C1: Region | D1: OECD | E1: above_middle_countries | F1: AnnexI_countries | G1: AnnexII_countries | H1: exclude_LDC_SIDS_countries | I1: high_HDI_countries | J1: exclude_vulnerable_countries | K1: high_income | L1: vulnerability_score | M1: X1850_2024 | N1: X1990_2024 | O1: GHG_avg | P1: GHG_2022 | Q1: population_2022 | R1: GHG_historical_pc | S1: GHG_pc_2022 | T1: GNI_avg | U1: GNI_debt_avg | V1: GNI_PPP_avg | W1: GNI_pc_avg | X1: GNI_PPP_pc_avg | Y1: GAIN_CR | Z1: EIB_PR | AA1: EIB_CR | AB1: UN Index
A2: United States | B2: USA | C2: Northern America | D2: 1 | E2: 1 | F2: =IF(G2=1, 1, 0) -> 1 | G2: 1 | H2: 1 | I2: 1 | J2: 1 | K2: 1 | L2: 67.683008 | M2: {=INDEX('cumulative-co-emissions1850'!$D$1:$D$260000,MATCH(1, ('cumulative-co-emissions1850'!$C$1:$C$260000=2024)*('cumulative-co-emissions1850'!$B$1:$B$260000=Summary!$B2), 0)) - IFERROR(INDEX('cumulative-co-emissions1850'!$D$1:$D$260000,MATCH(1, ('cumulative-co-emissions1850'!$C$1:$C$260000=1850)*('cumulative-co-emissions1850'!$B$1:$B$260000=Summary!$B2), 0)), 0)} -> 434676575260 | N2: {=INDEX('cumulative-co-emissions1850'!$D$1:$D$260000,MATCH(1, ('cumulative-co-emissions1850'!$C$1:$C$260000=2024)*('cumulative-co-emissions1850'!$B$1:$B$260000=Summary!$B2), 0)) - IFERROR(INDEX('cumulative-co-emissions1850'!$D$1:$D$260000,MATCH(1, ('cumulative-co-emissions1850'!$C$1:$C$260000=1990)*('cumulative-co-emissions1850'!$B$1:$B$260000=Summary!$B2), 0)), 0)} -> 187363820000 | O2: 406147831 | P2: 5628776.1 | Q2: 333000000 | R2: 1835.6521 | S2: 16.903232 | T2: 22100000000000 | U2: 22100000000000 | V2: 22300000000000 | W2: 66886.667 | X2: 67560 | Y2: =VLOOKUP(B2,gain!$A$2:$AE$193, 31) -> 66.451414 | Z2: =IFERROR(VLOOKUP(B2,EIB!$B$2:$F$177, 2, FALSE), 0.1) -> 0.4 | AA2: =IFERROR(VLOOKUP(B2,EIB!$B$2:$F$177, 4, FALSE), 0) -> 0.1 | AB2: =VLOOKUP(B2,'UN Multilaterism Index'!$B$2:$C$194, 2,FALSE) -> 15.8
A3: China | B3: CHN | C3: Eastern Asia | D3: 0 | E3: 1 | F3: =IF(G3=1, 1, 0) -> 0 | G3: 0 | H3: 1 | I3: 0 | J3: 1 | K3: 0 | L3: 56.200512 | M3: {=INDEX('cumulative-co-emissions1850'!$D$1:$D$260000,MATCH(1, ('cumulative-co-emissions1850'!$C$1:$C$260000=2024)*('cumulative-co-emissions1850'!$B$1:$B$260000=Summary!$B3), 0)) - IFERROR(INDEX('cumulative-co-emissions1850'!$D$1:$D$260000,MATCH(1, ('cumulative-co-emissions1850'!$C$1:$C$260000=1850)*('cumulative-co-emissions1850'!$B$1:$B$260000=Summary!$B3), 0)), 0)} -> 285087040000 | N3: {=INDEX('cumulative-co-emissions1850'!$D$1:$D$260000,MATCH(1, ('cumulative-co-emissions1850'!$C$1:$C$260000=2024)*('cumulative-co-emissions1850'!$B$1:$B$260000=Summary!$B3), 0)) - IFERROR(INDEX('cumulative-co-emissions1850'!$D$1:$D$260000,MATCH(1, ('cumulative-co-emissions1850'!$C$1:$C$260000=1990)*('cumulative-co-emissions1850'!$B$1:$B$260000=Summary!$B3), 0)), 0)} -> 241692020000 | O3: 3.6185982e+08 | P3: 13590407 | Q3: 1410000000 | R3: 320.76273 | S3: 9.6385865 | T3: 15000000000000 | U3: 14700000000000 | V3: 24400000000000 | W3: 10640 | X3: 17321.667 | Y3: =VLOOKUP(B3,gain!$A$2:$AE$193, 31) -> 58.10219 | Z3: =IFERROR(VLOOKUP(B3,EIB!$B$2:$F$177, 2, FALSE), 0.1) -> 0.6 | AA3: =IFERROR(VLOOKUP(B3,EIB!$B$2:$F$177, 4, FALSE), 0.1) -> 0.4 | AB3: =VLOOKUP(B3,'UN Multilaterism Index'!$B$2:$C$194, 2,FALSE) -> 66.8
A4: Russian Federation | B4: RUS | C4: Eastern Europe | D4: 0 | E4: 1 | F4: 1 | G4: 0 | H4: 1 | I4: 1 | J4: 1 | K4: 0 | L4: 60.823019 | M4: {=INDEX('cumulative-co-emissions1850'!$D$1:$D$260000,MATCH(1, ('cumulative-co-emissions1850'!$C$1:$C$260000=2024)*('cumulative-co-emissions1850'!$B$1:$B$260000=Summary!$B4), 0)) - IFERROR(INDEX('cumulative-co-emissions1850'!$D$1:$D$260000,MATCH(1, ('cumulative-co-emissions1850'!$C$1:$C$260000=1850)*('cumulative-co-emissions1850'!$B$1:$B$260000=Summary!$B4), 0)), 0)} -> 122808115716 | N4: {=INDEX('cumulative-co-emissions1850'!$D$1:$D$260000,MATCH(1, ('cumulative-co-emissions1850'!$C$1:$C$260000=2024)*('cumulative-co-emissions1850'!$B$1:$B$260000=Summary!$B4), 0)) - IFERROR(INDEX('cumulative-co-emissions1850'!$D$1:$D$260000,MATCH(1, ('cumulative-co-emissions1850'!$C$1:$C$260000=1990)*('cumulative-co-emissions1850'!$B$1:$B$260000=Summary!$B4), 0)), 0)} -> 56260964000 | O4: 1.2219816e+08 | P4: 1488957.3 | Q4: 144000000 | R4: 1322.8284 | S4: 10.339981 | T4: 1610000000000 | U4: 1560000000000 | V4: 4350000000000 | W4: 11000 | X4: 29683.333 | Y4: =VLOOKUP(B4,gain!$A$2:$AE$193, 31) -> 52.499869 | Z4: =IFERROR(VLOOKUP(B4,EIB!$B$2:$F$177, 2, FALSE), 0.1) -> 0.1 | AA4: =IFERROR(VLOOKUP(B4,EIB!$B$2:$F$177, 4, FALSE), 0.1) -> 0 | AB4: =VLOOKUP(B4,'UN Multilaterism Index'!$B$2:$C$194, 2,FALSE) -> 48.5
A5: Germany | B5: DEU | C5: Western Europe | D5: 1 | E5: 1 | F5: =IF(G5=1, 1, 0) -> 1 | G5: 1 | H5: 1 | I5: 1 | J5: 1 | K5: 1 | L5: 70.291367 | M5: {=INDEX('cumulative-co-emissions1850'!$D$1:$D$260000,MATCH(1, ('cumulative-co-emissions1850'!$C$1:$C$260000=2024)*('cumulative-co-emissions1850'!$B$1:$B$260000=Summary!$B5), 0)) - IFERROR(INDEX('cumulative-co-emissions1850'!$D$1:$D$260000,MATCH(1, ('cumulative-co-emissions1850'!$C$1:$C$260000=1850)*('cumulative-co-emissions1850'!$B$1:$B$260000=Summary!$B5), 0)), 0)} -> 94881028340 | N5: {=INDEX('cumulative-co-emissions1850'!$D$1:$D$260000,MATCH(1, ('cumulative-co-emissions1850'!$C$1:$C$260000=2024)*('cumulative-co-emissions1850'!$B$1:$B$260000=Summary!$B5), 0)) - IFERROR(INDEX('cumulative-co-emissions1850'!$D$1:$D$260000,MATCH(1, ('cumulative-co-emissions1850'!$C$1:$C$260000=1990)*('cumulative-co-emissions1850'!$B$1:$B$260000=Summary!$B5), 0)), 0)} -> 28349913000 | O5: 74192966 | P5: 744556.31 | Q5: 83800000 | R5: 1388.3063 | S5: 8.8849202 | T5: 4080000000000 | U5: 4080000000000 | V5: 5060000000000 | W5: 49118.333 | X5: 60821.667 | Y5: =VLOOKUP(B5,gain!$A$2:$AE$193, 31) -> 62.893412 | Z5: =IFERROR(VLOOKUP(B5,EIB!$B$2:$F$177, 2, FALSE), 0.1) -> 0.1 | AA5: =IFERROR(VLOOKUP(B5,EIB!$B$2:$F$177, 4, FALSE), 0.1) -> 0.1 | AB5: =VLOOKUP(B5,'UN Multilaterism Index'!$B$2:$C$194, 2,FALSE) -> 73.3
A6: India | B6: IND | C6: Southern Asia | D6: 0 | E6: 0 | F6: =IF(G6=1, 1, 0) -> 0 | G6: 0 | H6: 1 | I6: 0 | J6: 0 | K6: 0 | L6: 43.207256 | M6: {=INDEX('cumulative-co-emissions1850'!$D$1:$D$260000,MATCH(1, ('cumulative-co-emissions1850'!$C$1:$C$260000=2024)*('cumulative-co-emissions1850'!$B$1:$B$260000=Summary!$B6), 0)) - IFERROR(INDEX('cumulative-co-emissions1850'!$D$1:$D$260000,MATCH(1, ('cumulative-co-emissions1850'!$C$1:$C$260000=1850)*('cumulative-co-emissions1850'!$B$1:$B$260000=Summary!$B6), 0)), 0)} -> 66072530000 | N6: {=INDEX('cumulative-co-emissions1850'!$D$1:$D$260000,MATCH(1, ('cumulative-co-emissions1850'!$C$1:$C$260000=2024)*('cumulative-co-emissions1850'!$B$1:$B$260000=Summary!$B6), 0)) - IFERROR(INDEX('cumulative-co-emissions1850'!$D$1:$D$260000,MATCH(1, ('cumulative-co-emissions1850'!$C$1:$C$260000=1990)*('cumulative-co-emissions1850'!$B$1:$B$260000=Summary!$B6), 0)), 0)} -> 55068026000 | O6: 1.1125597e+08 | P6: 3583238.2 | Q6: 1420000000 | R6: 108.3361 | S6: 2.5234072 | T6: 2850000000000 | U6: 2780000000000 | V6: 9560000000000 | W6: 2050 | X6: 6880 | Y6: =VLOOKUP(B6,gain!$A$2:$AE$193, 31) -> 54.597235 | Z6: =IFERROR(VLOOKUP(B6,EIB!$B$2:$F$177, 2, FALSE), 0.1) -> 1.2 | AA6: =IFERROR(VLOOKUP(B6,EIB!$B$2:$F$177, 4, FALSE), 0.1) -> 1 | AB6: =VLOOKUP(B6,'UN Multilaterism Index'!$B$2:$C$194, 2,FALSE) -> 63.5
A7: Brazil | B7: BRA | C7: Latin America and the Caribbean | D7: 0 | E7: 1 | F7: =IF(G7=1, 1, 0) -> 0 | G7: 0 | H7: 1 | I7: 0 | J7: 1 | K7: 0 | L7: 48.838478 | M7: {=INDEX('cumulative-co-emissions1850'!$D$1:$D$260000,MATCH(1, ('cumulative-co-emissions1850'!$C$1:$C$260000=2024)*('cumulative-co-emissions1850'!$B$1:$B$260000=Summary!$B7), 0)) - IFERROR(INDEX('cumulative-co-emissions1850'!$D$1:$D$260000,MATCH(1, ('cumulative-co-emissions1850'!$C$1:$C$260000=1850)*('cumulative-co-emissions1850'!$B$1:$B$260000=Summary!$B7), 0)), 0)} -> 18198706000 | N7: {=INDEX('cumulative-co-emissions1850'!$D$1:$D$260000,MATCH(1, ('cumulative-co-emissions1850'!$C$1:$C$260000=2024)*('cumulative-co-emissions1850'!$B$1:$B$260000=Summary!$B7), 0)) - IFERROR(INDEX('cumulative-co-emissions1850'!$D$1:$D$260000,MATCH(1, ('cumulative-co-emissions1850'!$C$1:$C$260000=1990)*('cumulative-co-emissions1850'!$B$1:$B$260000=Summary!$B7), 0)), 0)} -> 13487138600 | O7: 94928204 | P7: 1343312.8 | Q7: 215000000 | R7: 623.12289 | S7: 6.2479665 | T7: 1800000000000 | U7: 1730000000000 | V7: 3230000000000 | W7: 8488.3333 | X7: 15211.667 | Y7: =VLOOKUP(B7,gain!$A$2:$AE$193, 31) -> 47.155729 | Z7: =IFERROR(VLOOKUP(B7,EIB!$B$2:$F$177, 2, FALSE), 0.1) -> 0.4 | AA7: =IFERROR(VLOOKUP(B7,EIB!$B$2:$F$177, 4, FALSE), 0.1) -> 0.2 | AB7: =VLOOKUP(B7,'UN Multilaterism Index'!$B$2:$C$194, 2,FALSE) -> 77.2
A8: United Kingdom | B8: GBR | C8: Northern Europe | D8: 1 | E8: 1 | F8: =IF(G8=1, 1, 0) -> 1 | G8: 1 | H8: 1 | I8: 1 | J8: 1 | K8: 1 | L8: 70.353398 | M8: {=INDEX('cumulative-co-emissions1850'!$D$1:$D$260000,MATCH(1, ('cumulative-co-emissions1850'!$C$1:$C$260000=2024)*('cumulative-co-emissions1850'!$B$1:$B$260000=Summary!$B8), 0)) - IFERROR(INDEX('cumulative-co-emissions1850'!$D$1:$D$260000,MATCH(1, ('cumulative-co-emissions1850'!$C$1:$C$260000=1850)*('cumulative-co-emissions1850'!$B$1:$B$260000=Summary!$B8), 0)), 0)} -> 76367024500 | N8: {=INDEX('cumulative-co-emissions1850'!$D$1:$D$260000,MATCH(1, ('cumulative-co-emissions1850'!$C$1:$C$260000=2024)*('cumulative-co-emissions1850'!$B$1:$B$260000=Summary!$B8), 0)) - IFERROR(INDEX('cumulative-co-emissions1850'!$D$1:$D$260000,MATCH(1, ('cumulative-co-emissions1850'!$C$1:$C$260000=1990)*('cumulative-co-emissions1850'!$B$1:$B$260000=Summary!$B8), 0)), 0)} -> 16731560000 | O8: 62122297 | P8: 427093.25 | Q8: 67000000 | R8: 1539.3159 | S8: 6.3745261 | T8: 2900000000000 | U8: 2900000000000 | V8: 3330000000000 | W8: 43410 | X8: 49953.333 | Y8: =VLOOKUP(B8,gain!$A$2:$AE$193, 31) -> 39.963468 | Z8: =IFERROR(VLOOKUP(B8,EIB!$B$2:$F$177, 2, FALSE), 0.1) -> 0.1 | AA8: =IFERROR(VLOOKUP(B8,EIB!$B$2:$F$177, 4, FALSE), 0.1) -> 0 | AB8: =VLOOKUP(B8,'UN Multilaterism Index'!$B$2:$C$194, 2,FALSE) -> 58.9
A9: Japan | B9: JPN | C9: Eastern Asia | D9: 1 | E9: 1 | F9: =IF(G9=1, 1, 0) -> 1 | G9: 1 | H9: 1 | I9: 1 | J9: 1 | K9: 1 | L9: 65.638973 | M9: {=INDEX('cumulative-co-emissions1850'!$D$1:$D$260000,MATCH(1, ('cumulative-co-emissions1850'!$C$1:$C$260000=2024)*('cumulative-co-emissions1850'!$B$1:$B$260000=Summary!$B9), 0)) - IFERROR(INDEX('cumulative-co-emissions1850'!$D$1:$D$260000,MATCH(1, ('cumulative-co-emissions1850'!$C$1:$C$260000=1850)*('cumulative-co-emissions1850'!$B$1:$B$260000=Summary!$B9), 0)), 0)} -> 69612280000 | N9: {=INDEX('cumulative-co-emissions1850'!$D$1:$D$260000,MATCH(1, ('cumulative-co-emissions1850'!$C$1:$C$260000=2024)*('cumulative-co-emissions1850'!$B$1:$B$260000=Summary!$B9), 0)) - IFERROR(INDEX('cumulative-co-emissions1850'!$D$1:$D$260000,MATCH(1, ('cumulative-co-emissions1850'!$C$1:$C$260000=1990)*('cumulative-co-emissions1850'!$B$1:$B$260000=Summary!$B9), 0)), 0)} -> 40747444000 | O9: 59248604 | P9: 1119412.7 | Q9: 125000000 | R9: 618.14918 | S9: 8.9553016 | T9: 5260000000000 | U9: 5260000000000 | V9: 5710000000000 | W9: 41643.333 | X9: 45210 | Y9: =VLOOKUP(B9,gain!$A$2:$AE$193, 31) -> 65.381115 | Z9: =IFERROR(VLOOKUP(B9,EIB!$B$2:$F$177, 2, FALSE), 0.1) -> 0.4 | AA9: =IFERROR(VLOOKUP(B9,EIB!$B$2:$F$177, 4, FALSE), 0.1) -> 0.1 | AB9: =VLOOKUP(B9,'UN Multilaterism Index'!$B$2:$C$194, 2,FALSE) -> 76.2
A10: Canada | B10: CAN | C10: Northern America | D10: 1 | E10: 1 | F10: =IF(G10=1, 1, 0) -> 1 | G10: 1 | H10: 1 | I10: 1 | J10: 1 | K10: 1 | L10: 68.391612 | M10: {=INDEX('cumulative-co-emissions1850'!$D$1:$D$260000,MATCH(1, ('cumulative-co-emissions1850'!$C$1:$C$260000=2024)*('cumulative-co-emissions1850'!$B$1:$B$260000=Summary!$B10), 0)) - IFERROR(INDEX('cumulative-co-emissions1850'!$D$1:$D$260000,MATCH(1, ('cumulative-co-emissions1850'!$C$1:$C$260000=1850)*('cumulative-co-emissions1850'!$B$1:$B$260000=Summary!$B10), 0)), 0)} -> 35643701312 | N10: {=INDEX('cumulative-co-emissions1850'!$D$1:$D$260000,MATCH(1, ('cumulative-co-emissions1850'!$C$1:$C$260000=2024)*('cumulative-co-emissions1850'!$B$1:$B$260000=Summary!$B10), 0)) - IFERROR(INDEX('cumulative-co-emissions1850'!$D$1:$D$260000,MATCH(1, ('cumulative-co-emissions1850'!$C$1:$C$260000=1990)*('cumulative-co-emissions1850'!$B$1:$B$260000=Summary!$B10), 0)), 0)} -> 18477755000 | O10: 40705235 | P10: 668847.52 | Q10: 38900000 | R10: 1530.1975 | S10: 17.194024 | T10: 1770000000000 | U10: 1770000000000 | V10: 1960000000000 | W10: 46766.667 | X10: 51805 | Y10: =VLOOKUP(B10,gain!$A$2:$AE$193, 31) -> 32.881356 | Z10: =IFERROR(VLOOKUP(B10,EIB!$B$2:$F$177, 2, FALSE), 0.1) -> 0.1 | AA10: =IFERROR(VLOOKUP(B10,EIB!$B$2:$F$177, 4, FALSE), 0.1) -> 0 | AB10: =VLOOKUP(B10,'UN Multilaterism Index'!$B$2:$C$194, 2,FALSE) -> 63.6
A11: France | B11: FRA | C11: Western Europe | D11: 1 | E11: 1 | F11: =IF(G11=1, 1, 0) -> 1 | G11: 1 | H11: 1 | I11: 1 | J11: 1 | K11: 1 | L11: 67.538442 | M11: {=INDEX('cumulative-co-emissions1850'!$D$1:$D$260000,MATCH(1, ('cumulative-co-emissions1850'!$C$1:$C$260000=2024)*('cumulative-co-emissions1850'!$B$1:$B$260000=Summary!$B11), 0)) - IFERROR(INDEX('cumulative-co-emissions1850'!$D$1:$D$260000,MATCH(1, ('cumulative-co-emissions1850'!$C$1:$C$260000=1850)*('cumulative-co-emissions1850'!$B$1:$B$260000=Summary!$B11), 0)), 0)} -> 39707144760 | N11: {=INDEX('cumulative-co-emissions1850'!$D$1:$D$260000,MATCH(1, ('cumulative-co-emissions1850'!$C$1:$C$260000=2024)*('cumulative-co-emissions1850'!$B$1:$B$260000=Summary!$B11), 0)) - IFERROR(INDEX('cumulative-co-emissions1850'!$D$1:$D$260000,MATCH(1, ('cumulative-co-emissions1850'!$C$1:$C$260000=1990)*('cumulative-co-emissions1850'!$B$1:$B$260000=Summary!$B11), 0)), 0)} -> 12487957000 | O11: 36307133 | P11: 389864.86 | Q11: 68000000 | R11: 837.11966 | S11: 5.7333068 | T11: 2810000000000 | U11: 2810000000000 | V11: 3480000000000 | W11: 41716.667 | X11: 51508.333 | Y11: =VLOOKUP(B11,gain!$A$2:$AE$193, 31) -> 67.199891 | Z11: =IFERROR(VLOOKUP(B11,EIB!$B$2:$F$177, 2, FALSE), 0.1) -> 0.1 | AA11: =IFERROR(VLOOKUP(B11,EIB!$B$2:$F$177, 4, FALSE), 0.1) -> 0.1 | AB11: =VLOOKUP(B11,'UN Multilaterism Index'!$B$2:$C$194, 2,FALSE) -> 55.5
A12: Australia | B12: AUS | C12: Australia and New Zealand | D12: 1 | E12: 1 | F12: =IF(G12=1, 1, 0) -> 1 | G12: 1 | H12: 1 | I12: 1 | J12: 1 | K12: 1 | L12: 69.21649 | M12: {=INDEX('cumulative-co-emissions1850'!$D$1:$D$260000,MATCH(1, ('cumulative-co-emissions1850'!$C$1:$C$260000=2024)*('cumulative-co-emissions1850'!$B$1:$B$260000=Summary!$B12), 0)) - IFERROR(INDEX('cumulative-co-emissions1850'!$D$1:$D$260000,MATCH(1, ('cumulative-co-emissions1850'!$C$1:$C$260000=1850)*('cumulative-co-emissions1850'!$B$1:$B$260000=Summary!$B12), 0)), 0)} -> 20038763893 | N12: {=INDEX('cumulative-co-emissions1850'!$D$1:$D$260000,MATCH(1, ('cumulative-co-emissions1850'!$C$1:$C$260000=2024)*('cumulative-co-emissions1850'!$B$1:$B$260000=Summary!$B12), 0)) - IFERROR(INDEX('cumulative-co-emissions1850'!$D$1:$D$260000,MATCH(1, ('cumulative-co-emissions1850'!$C$1:$C$260000=1990)*('cumulative-co-emissions1850'!$B$1:$B$260000=Summary!$B12), 0)), 0)} -> 12570500300 | O12: 33322794 | P12: 473941.02 | Q12: 26000000 | R12: 1867.604 | S12: 18.228501 | T12: 1400000000000 | U12: 1400000000000 | V12: 1350000000000 | W12: 55226.667 | X12: 53211.667 | Y12: =VLOOKUP(B12,gain!$A$2:$AE$193, 31) -> 69.197042 | Z12: =IFERROR(VLOOKUP(B12,EIB!$B$2:$F$177, 2, FALSE), 0.1) -> 0.5 | AA12: =IFERROR(VLOOKUP(B12,EIB!$B$2:$F$177, 4, FALSE), 0.1) -> 0.2 | AB12: =VLOOKUP(B12,'UN Multilaterism Index'!$B$2:$C$194, 2,FALSE) -> 59.6
A13: Indonesia | B13: IDN | C13: South-eastern Asia | D13: 0 | E13: 1 | F13: =IF(G13=1, 1, 0) -> 0 | G13: 0 | H13: 1 | I13: 0 | J13: 0 | K13: 0 | L13: 47.084337 | M13: {=INDEX('cumulative-co-emissions1850'!$D$1:$D$260000,MATCH(1, ('cumulative-co-emissions1850'!$C$1:$C$260000=2024)*('cumulative-co-emissions1850'!$B$1:$B$260000=Summary!$B13), 0)) - IFERROR(INDEX('cumulative-co-emissions1850'!$D$1:$D$260000,MATCH(1, ('cumulative-co-emissions1850'!$C$1:$C$260000=1850)*('cumulative-co-emissions1850'!$B$1:$B$260000=Summary!$B13), 0)), 0)} -> 17419934000 | N13: {=INDEX('cumulative-co-emissions1850'!$D$1:$D$260000,MATCH(1, ('cumulative-co-emissions1850'!$C$1:$C$260000=2024)*('cumulative-co-emissions1850'!$B$1:$B$260000=Summary!$B13), 0)) - IFERROR(INDEX('cumulative-co-emissions1850'!$D$1:$D$260000,MATCH(1, ('cumulative-co-emissions1850'!$C$1:$C$260000=1990)*('cumulative-co-emissions1850'!$B$1:$B$260000=Summary!$B13), 0)), 0)} -> 14516532000 | O13: 56763813 | P13: 1949064.9 | Q13: 276000000 | R13: 266.41699 | S13: 7.0618293 | T13: 1090000000000 | U13: 1040000000000 | V13: 3280000000000 | W13: 4016.6667 | X13: 12118.333 | Y13: =VLOOKUP(B13,gain!$A$2:$AE$193, 31) -> 54.597235 | Z13: =IFERROR(VLOOKUP(B13,EIB!$B$2:$F$177, 2, FALSE), 0.1) -> 0.5 | AA13: =IFERROR(VLOOKUP(B13,EIB!$B$2:$F$177, 4, FALSE), 0.1) -> 0.4 | AB13: =VLOOKUP(B13,'UN Multilaterism Index'!$B$2:$C$194, 2,FALSE) -> 74.5
A14: Qatar | B14: QAT | C14: Western Asia | D14: 0 | E14: 1 | F14: =IF(G14=1, 1, 0) -> 0 | G14: 0 | H14: 1 | I14: 1 | J14: 1 | K14: 1 | L14: 57.54447 | M14: {=INDEX('cumulative-co-emissions1850'!$D$1:$D$260000,MATCH(1, ('cumulative-co-emissions1850'!$C$1:$C$260000=2024)*('cumulative-co-emissions1850'!$B$1:$B$260000=Summary!$B14), 0)) - IFERROR(INDEX('cumulative-co-emissions1850'!$D$1:$D$260000,MATCH(1, ('cumulative-co-emissions1850'!$C$1:$C$260000=1850)*('cumulative-co-emissions1850'!$B$1:$B$260000=Summary!$B14), 0)), 0)} -> 2590880000 | N14: {=INDEX('cumulative-co-emissions1850'!$D$1:$D$260000,MATCH(1, ('cumulative-co-emissions1850'!$C$1:$C$260000=2024)*('cumulative-co-emissions1850'!$B$1:$B$260000=Summary!$B14), 0)) - IFERROR(INDEX('cumulative-co-emissions1850'!$D$1:$D$260000,MATCH(1, ('cumulative-co-emissions1850'!$C$1:$C$260000=1990)*('cumulative-co-emissions1850'!$B$1:$B$260000=Summary!$B14), 0)), 0)} -> 2297528320 | O14: 3988936.6 | P14: 198791.04 | Q14: 2700000 | R14: 1574.476 | S14: 73.626311 | T14: 168000000000 | U14: 168000000000 | V14: 264000000000 | W14: 61508.333 | X14: 96490 | Y14: =VLOOKUP(B14,gain!$A$2:$AE$193, 31) -> 52.499869 | Z14: =IFERROR(VLOOKUP(B14,EIB!$B$2:$F$177, 2, FALSE), 0.1) -> 1.5 | AA14: =IFERROR(VLOOKUP(B14,EIB!$B$2:$F$177, 4, FALSE), 0.1) -> 1.2 | AB14: =VLOOKUP(B14,'UN Multilaterism Index'!$B$2:$C$194, 2,FALSE) -> 76
A15: Singapore | B15: SGP | C15: South-eastern Asia | D15: 0 | E15: 1 | F15: =IF(G15=1, 1, 0) -> 0 | G15: 0 | H15: 0 | I15: 1 | J15: 1 | K15: 1 | L15: 71.419441 | M15: {=INDEX('cumulative-co-emissions1850'!$D$1:$D$260000,MATCH(1, ('cumulative-co-emissions1850'!$C$1:$C$260000=2024)*('cumulative-co-emissions1850'!$B$1:$B$260000=Summary!$B15), 0)) - IFERROR(INDEX('cumulative-co-emissions1850'!$D$1:$D$260000,MATCH(1, ('cumulative-co-emissions1850'!$C$1:$C$260000=1850)*('cumulative-co-emissions1850'!$B$1:$B$260000=Summary!$B15), 0)), 0)} -> 2247705300 | N15: {=INDEX('cumulative-co-emissions1850'!$D$1:$D$260000,MATCH(1, ('cumulative-co-emissions1850'!$C$1:$C$260000=2024)*('cumulative-co-emissions1850'!$B$1:$B$260000=Summary!$B15), 0)) - IFERROR(INDEX('cumulative-co-emissions1850'!$D$1:$D$260000,MATCH(1, ('cumulative-co-emissions1850'!$C$1:$C$260000=1990)*('cumulative-co-emissions1850'!$B$1:$B$260000=Summary!$B15), 0)), 0)} -> 1572990200 | O15: 1514620.3 | P15: 57495.371 | Q15: 5640000 | R15: 298.31151 | S15: 10.194215 | T15: 333000000000 | U15: 333000000000 | V15: 525000000000 | W15: 59308.333 | X15: 93505 | Y15: =VLOOKUP(B15,gain!$A$2:$AE$193, 31) -> 40.379899 | Z15: =IFERROR(VLOOKUP(B15,EIB!$B$2:$F$177, 2, FALSE), 0.1) -> 0.3 | AA15: =IFERROR(VLOOKUP(B15,EIB!$B$2:$F$177, 4, FALSE), 0.1) -> 0 | AB15: =VLOOKUP(B15,'UN Multilaterism Index'!$B$2:$C$194, 2,FALSE) -> 68.5
A16: Italy | B16: ITA | C16: Southern Europe | D16: 1 | E16: 1 | F16: =IF(G16=1, 1, 0) -> 1 | G16: 1 | H16: 1 | I16: 1 | J16: 1 | K16: 1 | L16: 59.625025 | M16: {=INDEX('cumulative-co-emissions1850'!$D$1:$D$260000,MATCH(1, ('cumulative-co-emissions1850'!$C$1:$C$260000=2024)*('cumulative-co-emissions1850'!$B$1:$B$260000=Summary!$B16), 0)) - IFERROR(INDEX('cumulative-co-emissions1850'!$D$1:$D$260000,MATCH(1, ('cumulative-co-emissions1850'!$C$1:$C$260000=1850)*('cumulative-co-emissions1850'!$B$1:$B$260000=Summary!$B16), 0)), 0)} -> 26005944000 | N16: {=INDEX('cumulative-co-emissions1850'!$D$1:$D$260000,MATCH(1, ('cumulative-co-emissions1850'!$C$1:$C$260000=2024)*('cumulative-co-emissions1850'!$B$1:$B$260000=Summary!$B16), 0)) - IFERROR(INDEX('cumulative-co-emissions1850'!$D$1:$D$260000,MATCH(1, ('cumulative-co-emissions1850'!$C$1:$C$260000=1990)*('cumulative-co-emissions1850'!$B$1:$B$260000=Summary!$B16), 0)), 0)} -> 14133844000 | O16: 25171864 | P16: 381739.49 | Q16: 58900000 | R16: 586.47699 | S16: 6.4811458 | T16: 2060000000000 | U16: 2060000000000 | V16: 2820000000000 | W16: 34533.333 | X16: 47236.667 | Y16: =VLOOKUP(B16,gain!$A$2:$AE$193, 31) -> 58.801516 | Z16: =IFERROR(VLOOKUP(B16,EIB!$B$2:$F$177, 2, FALSE), 0.1) -> 0.1 | AA16: =IFERROR(VLOOKUP(B16,EIB!$B$2:$F$177, 4, FALSE), 0.1) -> 0.1 | AB16: =VLOOKUP(B16,'UN Multilaterism Index'!$B$2:$C$194, 2,FALSE) -> 68.4
... A18: Norway | B18: NOR | C18: Northern Europe | D18: 1 | E18: 1 | F18: =IF(G18=1, 1, 0) -> 1 | G18: 1 | H18: 1 | I18: 1 | J18: 1 | K18: 1 | L18: 75.670164 | M18: {=INDEX('cumulative-co-emissions1850'!$D$1:$D$260000,MATCH(1, ('cumulative-co-emissions1850'!$C$1:$C$260000=2024)*('cumulative-co-emissions1850'!$B$1:$B$260000=Summary!$B18), 0)) - IFERROR(INDEX('cumulative-co-emissions1850'!$D$1:$D$260000,MATCH(1, ('cumulative-co-emissions1850'!$C$1:$C$260000=1850)*('cumulative-co-emissions1850'!$B$1:$B$260000=Summary!$B18), 0)), 0)} -> 2786141040 | N18: {=INDEX('cumulative-co-emissions1850'!$D$1:$D$260000,MATCH(1, ('cumulative-co-emissions1850'!$C$1:$C$260000=2024)*('cumulative-co-emissions1850'!$B$1:$B$260000=Summary!$B18), 0)) - IFERROR(INDEX('cumulative-co-emissions1850'!$D$1:$D$260000,MATCH(1, ('cumulative-co-emissions1850'!$C$1:$C$260000=1990)*('cumulative-co-emissions1850'!$B$1:$B$260000=Summary!$B18), 0)), 0)} -> 1429899000 | O18: 3038177.6 | P18: 31821.315 | Q18: 5460000 | R18: 900.80117 | S18: 5.8280797 | T18: 442000000000 | U18: 442000000000 | V18: 445000000000 | W18: 82408.333 | X18: 82821.667 | Y18: =VLOOKUP(B18,gain!$A$2:$AE$193, 31) -> 52.499869 | Z18: =IFERROR(VLOOKUP(B18,EIB!$B$2:$F$177, 2, FALSE), 0.1) -> 0.1 | AA18: =IFERROR(VLOOKUP(B18,EIB!$B$2:$F$177, 4, FALSE), 0.1) -> 0 | AB18: =VLOOKUP(B18,'UN Multilaterism Index'!$B$2:$C$194, 2,FALSE) -> 68.5
A19: Poland | B19: POL | C19: Eastern Europe | D19: 1 | E19: 1 | F19: 1 | G19: 0 | H19: 1 | I19: 1 | J19: 1 | K19: 1 | L19: 61.767873 | M19: {=INDEX('cumulative-co-emissions1850'!$D$1:$D$260000,MATCH(1, ('cumulative-co-emissions1850'!$C$1:$C$260000=2024)*('cumulative-co-emissions1850'!$B$1:$B$260000=Summary!$B19), 0)) - IFERROR(INDEX('cumulative-co-emissions1850'!$D$1:$D$260000,MATCH(1, ('cumulative-co-emissions1850'!$C$1:$C$260000=1850)*('cumulative-co-emissions1850'!$B$1:$B$260000=Summary!$B19), 0)), 0)} -> 28980557450 | N19: {=INDEX('cumulative-co-emissions1850'!$D$1:$D$260000,MATCH(1, ('cumulative-co-emissions1850'!$C$1:$C$260000=2024)*('cumulative-co-emissions1850'!$B$1:$B$260000=Summary!$B19), 0)) - IFERROR(INDEX('cumulative-co-emissions1850'!$D$1:$D$260000,MATCH(1, ('cumulative-co-emissions1850'!$C$1:$C$260000=1990)*('cumulative-co-emissions1850'!$B$1:$B$260000=Summary!$B19), 0)), 0)} -> 11210070000 | O19: 26596275 | P19: 360640.22 | Q19: 36800000 | R19: 1106.1846 | S19: 9.800006 | T19: 586000000000 | U19: 586000000000 | V19: 1330000000000 | W19: 15551.667 | X19: 35286.667 | Y19: =VLOOKUP(B19,gain!$A$2:$AE$193, 31) -> 52.499869 | Z19: =IFERROR(VLOOKUP(B19,EIB!$B$2:$F$177, 2, FALSE), 0.1) -> 0.1 | AA19: =IFERROR(VLOOKUP(B19,EIB!$B$2:$F$177, 4, FALSE), 0.1) -> 0.1 | AB19: =VLOOKUP(B19,'UN Multilaterism Index'!$B$2:$C$194, 2,FALSE) -> 63.6
A20: Ukraine | B20: UKR | C20: Eastern Europe | D20: 0 | E20: 0 | F20: 1 | G20: 0 | H20: 1 | I20: 0 | J20: 1 | K20: 0 | L20: 52.893982 | M20: {=INDEX('cumulative-co-emissions1850'!$D$1:$D$260000,MATCH(1, ('cumulative-co-emissions1850'!$C$1:$C$260000=2024)*('cumulative-co-emissions1850'!$B$1:$B$260000=Summary!$B20), 0)) - IFERROR(INDEX('cumulative-co-emissions1850'!$D$1:$D$260000,MATCH(1, ('cumulative-co-emissions1850'!$C$1:$C$260000=1850)*('cumulative-co-emissions1850'!$B$1:$B$260000=Summary!$B20), 0)), 0)} -> 31236458751 | N20: {=INDEX('cumulative-co-emissions1850'!$D$1:$D$260000,MATCH(1, ('cumulative-co-emissions1850'!$C$1:$C$260000=2024)*('cumulative-co-emissions1850'!$B$1:$B$260000=Summary!$B20), 0)) - IFERROR(INDEX('cumulative-co-emissions1850'!$D$1:$D$260000,MATCH(1, ('cumulative-co-emissions1850'!$C$1:$C$260000=1990)*('cumulative-co-emissions1850'!$B$1:$B$260000=Summary!$B20), 0)), 0)} -> 10393563000 | O20: 35893566 | P20: 261938.21 | Q20: 38000000 | R20: 1491.1236 | S20: 6.8931108 | T20: 138000000000 | U20: 121000000000 | V20: 537000000000 | W20: 3393.3333 | X20: 13151.667 | Y20: =VLOOKUP(B20,gain!$A$2:$AE$193, 31) -> 69.853875 | Z20: =IFERROR(VLOOKUP(B20,EIB!$B$2:$F$177, 2, FALSE), 0.1) -> 0.2 | AA20: =IFERROR(VLOOKUP(B20,EIB!$B$2:$F$177, 4, FALSE), 0.1) -> 0 | AB20: =VLOOKUP(B20,'UN Multilaterism Index'!$B$2:$C$194, 2,FALSE) -> 50.3
A21: United Arab Emirates | B21: ARE | C21: Western Asia | D21: 0 | E21: 1 | F21: =IF(G21=1, 1, 0) -> 0 | G21: 0 | H21: 1 | I21: 1 | J21: 1 | K21: 1 | L21: 60.479317 | M21: {=INDEX('cumulative-co-emissions1850'!$D$1:$D$260000,MATCH(1, ('cumulative-co-emissions1850'!$C$1:$C$260000=2024)*('cumulative-co-emissions1850'!$B$1:$B$260000=Summary!$B21), 0)) - IFERROR(INDEX('cumulative-co-emissions1850'!$D$1:$D$260000,MATCH(1, ('cumulative-co-emissions1850'!$C$1:$C$260000=1850)*('cumulative-co-emissions1850'!$B$1:$B$260000=Summary!$B21), 0)), 0)} -> 5824239600 | N21: {=INDEX('cumulative-co-emissions1850'!$D$1:$D$260000,MATCH(1, ('cumulative-co-emissions1850'!$C$1:$C$260000=2024)*('cumulative-co-emissions1850'!$B$1:$B$260000=Summary!$B21), 0)) - IFERROR(INDEX('cumulative-co-emissions1850'!$D$1:$D$260000,MATCH(1, ('cumulative-co-emissions1850'!$C$1:$C$260000=1990)*('cumulative-co-emissions1850'!$B$1:$B$260000=Summary!$B21), 0)), 0)} -> 4997699630 | O21: 6147745.3 | P21: 299588.73 | Q21: 9440000 | R21: 698.55193 | S21: 31.736094 | T21: 412000000000 | U21: 412000000000 | V21: 705000000000 | W21: 44500 | X21: 76111.667 | Y21: =VLOOKUP(B21,gain!$A$2:$AE$193, 31) -> 49.747451 | Z21: =IFERROR(VLOOKUP(B21,EIB!$B$2:$F$177, 2, FALSE), 0.1) -> 1.1 | AA21: =IFERROR(VLOOKUP(B21,EIB!$B$2:$F$177, 4, FALSE), 0.1) -> 0.9 | AB21: =VLOOKUP(B21,'UN Multilaterism Index'!$B$2:$C$194, 2,FALSE) -> 66.7
A22: Netherlands | B22: NLD | C22: Western Europe | D22: 1 | E22: 1 | F22: =IF(G22=1, 1, 0) -> 1 | G22: 1 | H22: 1 | I22: 1 | J22: 1 | K22: 1 | L22: 66.822981 | M22: {=INDEX('cumulative-co-emissions1850'!$D$1:$D$260000,MATCH(1, ('cumulative-co-emissions1850'!$C$1:$C$260000=2024)*('cumulative-co-emissions1850'!$B$1:$B$260000=Summary!$B22), 0)) - IFERROR(INDEX('cumulative-co-emissions1850'!$D$1:$D$260000,MATCH(1, ('cumulative-co-emissions1850'!$C$1:$C$260000=1850)*('cumulative-co-emissions1850'!$B$1:$B$260000=Summary!$B22), 0)), 0)} -> 12244849600 | N22: {=INDEX('cumulative-co-emissions1850'!$D$1:$D$260000,MATCH(1, ('cumulative-co-emissions1850'!$C$1:$C$260000=2024)*('cumulative-co-emissions1850'!$B$1:$B$260000=Summary!$B22), 0)) - IFERROR(INDEX('cumulative-co-emissions1850'!$D$1:$D$260000,MATCH(1, ('cumulative-co-emissions1850'!$C$1:$C$260000=1990)*('cumulative-co-emissions1850'!$B$1:$B$260000=Summary!$B22), 0)), 0)} -> 5602440500 | O22: 12225707 | P22: 163554.41 | Q22: 17700000 | R22: 984.10129 | S22: 9.2403621 | T22: 921000000000 | U22: 921000000000 | V22: 1080000000000 | W22: 52885 | X22: 62270 | Y22: =VLOOKUP(B22,gain!$A$2:$AE$193, 31) -> 52.499869 | Z22: =IFERROR(VLOOKUP(B22,EIB!$B$2:$F$177, 2, FALSE), 0.1) -> 0.1 | AA22: =IFERROR(VLOOKUP(B22,EIB!$B$2:$F$177, 4, FALSE), 0.1) -> 0.1 | AB22: =VLOOKUP(B22,'UN Multilaterism Index'!$B$2:$C$194, 2,FALSE) -> 70.3
A23: Ireland | B23: IRL | C23: Northern Europe | D23: 1 | E23: 1 | F23: =IF(G23=1, 1, 0) -> 1 | G23: 1 | H23: 1 | I23: 1 | J23: 1 | K23: 1 | L23: 65.258415 | M23: {=INDEX('cumulative-co-emissions1850'!$D$1:$D$260000,MATCH(1, ('cumulative-co-emissions1850'!$C$1:$C$260000=2024)*('cumulative-co-emissions1850'!$B$1:$B$260000=Summary!$B23), 0)) - IFERROR(INDEX('cumulative-co-emissions1850'!$D$1:$D$260000,MATCH(1, ('cumulative-co-emissions1850'!$C$1:$C$260000=1850)*('cumulative-co-emissions1850'!$B$1:$B$260000=Summary!$B23), 0)), 0)} -> 2366029888 | N23: {=INDEX('cumulative-co-emissions1850'!$D$1:$D$260000,MATCH(1, ('cumulative-co-emissions1850'!$C$1:$C$260000=2024)*('cumulative-co-emissions1850'!$B$1:$B$260000=Summary!$B23), 0)) - IFERROR(INDEX('cumulative-co-emissions1850'!$D$1:$D$260000,MATCH(1, ('cumulative-co-emissions1850'!$C$1:$C$260000=1990)*('cumulative-co-emissions1850'!$B$1:$B$260000=Summary!$B23), 0)), 0)} -> 1357265340 | O23: 4206939.6 | P23: 68602.766 | Q23: 5130000 | R23: 1194.9502 | S23: 13.372859 | T23: 330000000000 | U23: 330000000000 | V23: 375000000000 | W23: 66455 | X23: 75358.333 | Y23: =VLOOKUP(B23,gain!$A$2:$AE$193, 31) -> 54.597235 | Z23: =IFERROR(VLOOKUP(B23,EIB!$B$2:$F$177, 2, FALSE), 0.1) -> 0.1 | AA23: =IFERROR(VLOOKUP(B23,EIB!$B$2:$F$177, 4, FALSE), 0.1) -> 0.1 | AB23: =VLOOKUP(B23,'UN Multilaterism Index'!$B$2:$C$194, 2,FALSE) -> 74.2
A24: Switzerland | B24: CHE | C24: Western Europe | D24: 1 | E24: 1 | F24: =IF(G24=1, 1, 0) -> 1 | G24: 1 | H24: 1 | I24: 1 | J24: 1 | K24: 1 | L24: 72.633593 | M24: {=INDEX('cumulative-co-emissions1850'!$D$1:$D$260000,MATCH(1, ('cumulative-co-emissions1850'!$C$1:$C$260000=2024)*('cumulative-co-emissions1850'!$B$1:$B$260000=Summary!$B24), 0)) - IFERROR(INDEX('cumulative-co-emissions1850'!$D$1:$D$260000,MATCH(1, ('cumulative-co-emissions1850'!$C$1:$C$260000=1850)*('cumulative-co-emissions1850'!$B$1:$B$260000=Summary!$B24), 0)), 0)} -> 3158062000 | N24: {=INDEX('cumulative-co-emissions1850'!$D$1:$D$260000,MATCH(1, ('cumulative-co-emissions1850'!$C$1:$C$260000=2024)*('cumulative-co-emissions1850'!$B$1:$B$260000=Summary!$B24), 0)) - IFERROR(INDEX('cumulative-co-emissions1850'!$D$1:$D$260000,MATCH(1, ('cumulative-co-emissions1850'!$C$1:$C$260000=1990)*('cumulative-co-emissions1850'!$B$1:$B$260000=Summary!$B24), 0)), 0)} -> 1410747600 | O24: 3139480.8 | P24: 42945.826 | Q24: 8780000 | R24: 526.90824 | S24: 4.8913241 | T24: 739000000000 | U24: 739000000000 | V24: 641000000000 | W24: 85740 | X24: 74380 | Y24: =VLOOKUP(B24,gain!$A$2:$AE$193, 31) -> 32.881356 | Z24: =IFERROR(VLOOKUP(B24,EIB!$B$2:$F$177, 2, FALSE), 0.1) -> 0.1 | AA24: =IFERROR(VLOOKUP(B24,EIB!$B$2:$F$177, 4, FALSE), 0.1) -> 0 | AB24: =VLOOKUP(B24,'UN Multilaterism Index'!$B$2:$C$194, 2,FALSE) -> 75.6
A25: Belgium | B25: BEL | C25: Western Europe | D25: 1 | E25: 1 | F25: =IF(G25=1, 1, 0) -> 1 | G25: 1 | H25: 1 | I25: 1 | J25: 1 | K25: 1 | L25: 63.468071 | M25: {=INDEX('cumulative-co-emissions1850'!$D$1:$D$260000,MATCH(1, ('cumulative-co-emissions1850'!$C$1:$C$260000=2024)*('cumulative-co-emissions1850'!$B$1:$B$260000=Summary!$B25), 0)) - IFERROR(INDEX('cumulative-co-emissions1850'!$D$1:$D$260000,MATCH(1, ('cumulative-co-emissions1850'!$C$1:$C$260000=1850)*('cumulative-co-emissions1850'!$B$1:$B$260000=Summary!$B25), 0)), 0)} -> 12755689860 | N25: {=INDEX('cumulative-co-emissions1850'!$D$1:$D$260000,MATCH(1, ('cumulative-co-emissions1850'!$C$1:$C$260000=2024)*('cumulative-co-emissions1850'!$B$1:$B$260000=Summary!$B25), 0)) - IFERROR(INDEX('cumulative-co-emissions1850'!$D$1:$D$260000,MATCH(1, ('cumulative-co-emissions1850'!$C$1:$C$260000=1990)*('cumulative-co-emissions1850'!$B$1:$B$260000=Summary!$B25), 0)), 0)} -> 3829417000 | O25: 10428192 | P25: 106384.4 | Q25: 11700000 | R25: 1405.443 | S25: 9.0926838 | T25: 553000000000 | U25: 553000000000 | V25: 671000000000 | W25: 47955 | X25: 58246.667 | Y25: =VLOOKUP(B25,gain!$A$2:$AE$193, 31) -> 48.330482 | Z25: =IFERROR(VLOOKUP(B25,EIB!$B$2:$F$177, 2, FALSE), 0.1) -> 0.1 | AA25: =IFERROR(VLOOKUP(B25,EIB!$B$2:$F$177, 4, FALSE), 0.1) -> 0.1 | AB25: =VLOOKUP(B25,'UN Multilaterism Index'!$B$2:$C$194, 2,FALSE) -> 65.4
A26: Saudi Arabia | B26: SAU | C26: Western Asia | D26: 0 | E26: 1 | F26: =IF(G26=1, 1, 0) -> 0 | G26: 0 | H26: 1 | I26: 1 | J26: 1 | K26: 1 | L26: 55.571583 | M26: {=INDEX('cumulative-co-emissions1850'!$D$1:$D$260000,MATCH(1, ('cumulative-co-emissions1850'!$C$1:$C$260000=2024)*('cumulative-co-emissions1850'!$B$1:$B$260000=Summary!$B26), 0)) - IFERROR(INDEX('cumulative-co-emissions1850'!$D$1:$D$260000,MATCH(1, ('cumulative-co-emissions1850'!$C$1:$C$260000=1850)*('cumulative-co-emissions1850'!$B$1:$B$260000=Summary!$B26), 0)), 0)} -> 19020340000 | N26: {=INDEX('cumulative-co-emissions1850'!$D$1:$D$260000,MATCH(1, ('cumulative-co-emissions1850'!$C$1:$C$260000=2024)*('cumulative-co-emissions1850'!$B$1:$B$260000=Summary!$B26), 0)) - IFERROR(INDEX('cumulative-co-emissions1850'!$D$1:$D$260000,MATCH(1, ('cumulative-co-emissions1850'!$C$1:$C$260000=1990)*('cumulative-co-emissions1850'!$B$1:$B$260000=Summary!$B26), 0)), 0)} -> 15857340400 | O26: 17694369 | P26: 704486.74 | Q26: 36400000 | R26: 563.87326 | S26: 19.354031 | T26: 827000000000 | U26: 827000000000 | V26: 1830000000000 | W26: 23215 | X26: 51266.667 | Y26: =VLOOKUP(B26,gain!$A$2:$AE$193, 31) -> 57.871405 | Z26: =IFERROR(VLOOKUP(B26,EIB!$B$2:$F$177, 2, FALSE), 0.1) -> 1.1 | AA26: =IFERROR(VLOOKUP(B26,EIB!$B$2:$F$177, 4, FALSE), 0.1) -> 0.8 | AB26: =VLOOKUP(B26,'UN Multilaterism Index'!$B$2:$C$194, 2,FALSE) -> 60.2
A27: Korea, Rep. | B27: KOR | C27: Eastern Asia | D27: 1 | E27: 1 | F27: =IF(G27=1, 1, 0) -> 0 | G27: 0 | H27: 1 | I27: 1 | J27: 1 | K27: 1 | L27: 67.725843 | M27: {=INDEX('cumulative-co-emissions1850'!$D$1:$D$260000,MATCH(1, ('cumulative-co-emissions1850'!$C$1:$C$260000=2024)*('cumulative-co-emissions1850'!$B$1:$B$260000=Summary!$B27), 0)) - IFERROR(INDEX('cumulative-co-emissions1850'!$D$1:$D$260000,MATCH(1, ('cumulative-co-emissions1850'!$C$1:$C$260000=1850)*('cumulative-co-emissions1850'!$B$1:$B$260000=Summary!$B27), 0)), 0)} -> 20707550000 | N27: {=INDEX('cumulative-co-emissions1850'!$D$1:$D$260000,MATCH(1, ('cumulative-co-emissions1850'!$C$1:$C$260000=2024)*('cumulative-co-emissions1850'!$B$1:$B$260000=Summary!$B27), 0)) - IFERROR(INDEX('cumulative-co-emissions1850'!$D$1:$D$260000,MATCH(1, ('cumulative-co-emissions1850'!$C$1:$C$260000=1990)*('cumulative-co-emissions1850'!$B$1:$B$260000=Summary!$B27), 0)), 0)} -> 17588288600 | O27: 20364223 | P27: 631189.83 | Q27: 51600000 | R27: 455.13893 | S27: 12.232361 | T27: 1730000000000 | U27: 1730000000000 | V27: 2370000000000 | W27: 33548.333 | X27: 45948.333 | Y27: =VLOOKUP(B27,gain!$A$2:$AE$193, 31) -> 67.405846 | Z27: =IFERROR(VLOOKUP(B27,EIB!$B$2:$F$177, 2, FALSE), 0.1) -> 0.3 | AA27: =IFERROR(VLOOKUP(B27,EIB!$B$2:$F$177, 4, FALSE), 0.1) -> 0 | AB27: =VLOOKUP(B27,'UN Multilaterism Index'!$B$2:$C$194, 2,FALSE) -> 63.3
A28: Denmark | B28: DNK | C28: Northern Europe | D28: 1 | E28: 1 | F28: =IF(G28=1, 1, 0) -> 1 | G28: 1 | H28: 1 | I28: 1 | J28: 1 | K28: 1 | L28: 71.803891 | M28: {=INDEX('cumulative-co-emissions1850'!$D$1:$D$260000,MATCH(1, ('cumulative-co-emissions1850'!$C$1:$C$260000=2024)*('cumulative-co-emissions1850'!$B$1:$B$260000=Summary!$B28), 0)) - IFERROR(INDEX('cumulative-co-emissions1850'!$D$1:$D$260000,MATCH(1, ('cumulative-co-emissions1850'!$C$1:$C$260000=1850)*('cumulative-co-emissions1850'!$B$1:$B$260000=Summary!$B28), 0)), 0)} -> 4197836628 | N28: {=INDEX('cumulative-co-emissions1850'!$D$1:$D$260000,MATCH(1, ('cumulative-co-emissions1850'!$C$1:$C$260000=2024)*('cumulative-co-emissions1850'!$B$1:$B$260000=Summary!$B28), 0)) - IFERROR(INDEX('cumulative-co-emissions1850'!$D$1:$D$260000,MATCH(1, ('cumulative-co-emissions1850'!$C$1:$C$260000=1990)*('cumulative-co-emissions1850'!$B$1:$B$260000=Summary!$B28), 0)), 0)} -> 1645986500 | O28: 4547147 | P28: 47932.926 | Q28: 5900000 | R28: 1144.9422 | S28: 8.1242247 | T28: 376000000000 | U28: 376000000000 | V28: 385000000000 | W28: 64488.333 | X28: 65995 | Y28: =VLOOKUP(B28,gain!$A$2:$AE$193, 31) -> 51.72724 | Z28: =IFERROR(VLOOKUP(B28,EIB!$B$2:$F$177, 2, FALSE), 0.1) -> 0.1 | AA28: =IFERROR(VLOOKUP(B28,EIB!$B$2:$F$177, 4, FALSE), 0.1) -> 0.1 | AB28: =VLOOKUP(B28,'UN Multilaterism Index'!$B$2:$C$194, 2,FALSE) -> 67.7
A29: Mexico | B29: MEX | C29: Latin America and the Caribbean | D29: 1 | E29: 1 | F29: =IF(G29=1, 1, 0) -> 0 | G29: 0 | H29: 1 | I29: 0 | J29: 1 | K29: 0 | L29: 49.0791 | M29: {=INDEX('cumulative-co-emissions1850'!$D$1:$D$260000,MATCH(1, ('cumulative-co-emissions1850'!$C$1:$C$260000=2024)*('cumulative-co-emissions1850'!$B$1:$B$260000=Summary!$B29), 0)) - IFERROR(INDEX('cumulative-co-emissions1850'!$D$1:$D$260000,MATCH(1, ('cumulative-co-emissions1850'!$C$1:$C$260000=1850)*('cumulative-co-emissions1850'!$B$1:$B$260000=Summary!$B29), 0)), 0)} -> 22015853000 | N29: {=INDEX('cumulative-co-emissions1850'!$D$1:$D$260000,MATCH(1, ('cumulative-co-emissions1850'!$C$1:$C$260000=2024)*('cumulative-co-emissions1850'!$B$1:$B$260000=Summary!$B29), 0)) - IFERROR(INDEX('cumulative-co-emissions1850'!$D$1:$D$260000,MATCH(1, ('cumulative-co-emissions1850'!$C$1:$C$260000=1990)*('cumulative-co-emissions1850'!$B$1:$B$260000=Summary!$B29), 0)), 0)} -> 14610996000 | O29: 28288889 | P29: 638920.44 | Q29: 128000000 | R29: 322.20975 | S29: 4.9915659 | T29: 1220000000000 | U29: 1150000000000 | V29: 2590000000000 | W29: 9758.3333 | X29: 20635 | Y29: =VLOOKUP(B29,gain!$A$2:$AE$193, 31) -> 52.499869 | Z29: =IFERROR(VLOOKUP(B29,EIB!$B$2:$F$177, 2, FALSE), 0.1) -> 0.4 | AA29: =IFERROR(VLOOKUP(B29,EIB!$B$2:$F$177, 4, FALSE), 0.1) -> 0.2 | AB29: =VLOOKUP(B29,'UN Multilaterism Index'!$B$2:$C$194, 2,FALSE) -> 76.5
A30: Austria | B30: AUT | C30: Western Europe | D30: 1 | E30: 1 | F30: =IF(G30=1, 1, 0) -> 1 | G30: 1 | H30: 1 | I30: 1 | J30: 1 | K30: 1 | L30: 70.062669 | M30: {=INDEX('cumulative-co-emissions1850'!$D$1:$D$260000,MATCH(1, ('cumulative-co-emissions1850'!$C$1:$C$260000=2024)*('cumulative-co-emissions1850'!$B$1:$B$260000=Summary!$B30), 0)) - IFERROR(INDEX('cumulative-co-emissions1850'!$D$1:$D$260000,MATCH(1, ('cumulative-co-emissions1850'!$C$1:$C$260000=1850)*('cumulative-co-emissions1850'!$B$1:$B$260000=Summary!$B30), 0)), 0)} -> 5719013340 | N30: {=INDEX('cumulative-co-emissions1850'!$D$1:$D$260000,MATCH(1, ('cumulative-co-emissions1850'!$C$1:$C$260000=2024)*('cumulative-co-emissions1850'!$B$1:$B$260000=Summary!$B30), 0)) - IFERROR(INDEX('cumulative-co-emissions1850'!$D$1:$D$260000,MATCH(1, ('cumulative-co-emissions1850'!$C$1:$C$260000=1990)*('cumulative-co-emissions1850'!$B$1:$B$260000=Summary!$B30), 0)), 0)} -> 2294945000 | O30: 4706442.1 | P30: 72239.321 | Q30: 9040000 | R30: 788.21006 | S30: 7.9910753 | T30: 450000000000 | U30: 450000000000 | V30: 542000000000 | W30: 50478.333 | X30: 60835 | Y30: =VLOOKUP(B30,gain!$A$2:$AE$193, 31) -> 67.943328 | Z30: =IFERROR(VLOOKUP(B30,EIB!$B$2:$F$177, 2, FALSE), 0.1) -> 0.1 | AA30: =IFERROR(VLOOKUP(B30,EIB!$B$2:$F$177, 4, FALSE), 0.1) -> 0.1 | AB30: =VLOOKUP(B30,'UN Multilaterism Index'!$B$2:$C$194, 2,FALSE) -> 76.7
A31: Sweden | B31: SWE | C31: Northern Europe | D31: 1 | E31: 1 | F31: =IF(G31=1, 1, 0) -> 1 | G31: 1 | H31: 1 | I31: 1 | J31: 1 | K31: 1 | L31: 71.774172 | M31: {=INDEX('cumulative-co-emissions1850'!$D$1:$D$260000,MATCH(1, ('cumulative-co-emissions1850'!$C$1:$C$260000=2024)*('cumulative-co-emissions1850'!$B$1:$B$260000=Summary!$B31), 0)) - IFERROR(INDEX('cumulative-co-emissions1850'!$D$1:$D$260000,MATCH(1, ('cumulative-co-emissions1850'!$C$1:$C$260000=1850)*('cumulative-co-emissions1850'!$B$1:$B$260000=Summary!$B31), 0)), 0)} -> 5133373792 | N31: {=INDEX('cumulative-co-emissions1850'!$D$1:$D$260000,MATCH(1, ('cumulative-co-emissions1850'!$C$1:$C$260000=2024)*('cumulative-co-emissions1850'!$B$1:$B$260000=Summary!$B31), 0)) - IFERROR(INDEX('cumulative-co-emissions1850'!$D$1:$D$260000,MATCH(1, ('cumulative-co-emissions1850'!$C$1:$C$260000=1990)*('cumulative-co-emissions1850'!$B$1:$B$260000=Summary!$B31), 0)), 0)} -> 1702946000 | O31: 3787359.1 | P31: 9531.0437 | Q31: 10500000 | R31: 664.3933 | S31: 0.90771845 | T31: 591000000000 | U31: 591000000000 | V31: 623000000000 | W31: 57373.333 | X31: 60475 | Y31: =VLOOKUP(B31,gain!$A$2:$AE$193, 31) -> 44.350223 | Z31: =IFERROR(VLOOKUP(B31,EIB!$B$2:$F$177, 2, FALSE), 0.1) -> 0.1 | AA31: =IFERROR(VLOOKUP(B31,EIB!$B$2:$F$177, 4, FALSE), 0.1) -> 0.1 | AB31: =VLOOKUP(B31,'UN Multilaterism Index'!$B$2:$C$194, 2,FALSE) -> 68.6
A32: Spain | B32: ESP | C32: Southern Europe | D32: 1 | E32: 1 | F32: =IF(G32=1, 1, 0) -> 1 | G32: 1 | H32: 1 | I32: 1 | J32: 1 | K32: 1 | L32: 61.911989 | M32: {=INDEX('cumulative-co-emissions1850'!$D$1:$D$260000,MATCH(1, ('cumulative-co-emissions1850'!$C$1:$C$260000=2024)*('cumulative-co-emissions1850'!$B$1:$B$260000=Summary!$B32), 0)) - IFERROR(INDEX('cumulative-co-emissions1850'!$D$1:$D$260000,MATCH(1, ('cumulative-co-emissions1850'!$C$1:$C$260000=1850)*('cumulative-co-emissions1850'!$B$1:$B$260000=Summary!$B32), 0)), 0)} -> 15697486328 | N32: {=INDEX('cumulative-co-emissions1850'!$D$1:$D$260000,MATCH(1, ('cumulative-co-emissions1850'!$C$1:$C$260000=2024)*('cumulative-co-emissions1850'!$B$1:$B$260000=Summary!$B32), 0)) - IFERROR(INDEX('cumulative-co-emissions1850'!$D$1:$D$260000,MATCH(1, ('cumulative-co-emissions1850'!$C$1:$C$260000=1990)*('cumulative-co-emissions1850'!$B$1:$B$260000=Summary!$B32), 0)), 0)} -> 9476031400 | O32: 14892364 | P32: 248756.58 | Q32: 47800000 | R32: 413.00722 | S32: 5.2041126 | T32: 1390000000000 | U32: 1390000000000 | V32: 2010000000000 | W32: 29361.667 | X32: 42686.667 | Y32: =VLOOKUP(B32,gain!$A$2:$AE$193, 31) -> 44.869931 | Z32: =IFERROR(VLOOKUP(B32,EIB!$B$2:$F$177, 2, FALSE), 0.1) -> 0.1 | AA32: =IFERROR(VLOOKUP(B32,EIB!$B$2:$F$177, 4, FALSE), 0.1) -> 0.1 | AB32: =VLOOKUP(B32,'UN Multilaterism Index'!$B$2:$C$194, 2,FALSE) -> 69.2
A33: Brunei Darussalam | B33: BRN | C33: South-eastern Asia | D33: 0 | E33: 1 | F33: =IF(G33=1, 1, 0) -> 0 | G33: 0 | H33: 1 | I33: 1 | J33: 1 | K33: 1 | L33: 56.452558 | M33: {=INDEX('cumulative-co-emissions1850'!$D$1:$D$260000,MATCH(1, ('cumulative-co-emissions1850'!$C$1:$C$260000=2024)*('cumulative-co-emissions1850'!$B$1:$B$260000=Summary!$B33), 0)) - IFERROR(INDEX('cumulative-co-emissions1850'!$D$1:$D$260000,MATCH(1, ('cumulative-co-emissions1850'!$C$1:$C$260000=1850)*('cumulative-co-emissions1850'!$B$1:$B$260000=Summary!$B33), 0)), 0)} -> 427762400 | N33: {=INDEX('cumulative-co-emissions1850'!$D$1:$D$260000,MATCH(1, ('cumulative-co-emissions1850'!$C$1:$C$260000=2024)*('cumulative-co-emissions1850'!$B$1:$B$260000=Summary!$B33), 0)) - IFERROR(INDEX('cumulative-co-emissions1850'!$D$1:$D$260000,MATCH(1, ('cumulative-co-emissions1850'!$C$1:$C$260000=1990)*('cumulative-co-emissions1850'!$B$1:$B$260000=Summary!$B33), 0)), 0)} -> 266801870 | O33: 556750.96 | P33: 16635.342 | Q33: 449000 | R33: 1494.9064 | S33: 37.049759 | T33: 13400000000 | U33: 13400000000 | V33: 28800000000 | W33: 30541.667 | X33: 65416.667 | Y33: =VLOOKUP(B33,gain!$A$2:$AE$193, 31) -> 32.881356 | Z33: =IFERROR(VLOOKUP(B33,EIB!$B$2:$F$177, 2, FALSE), 0.1) -> 0.1 | AA33: =IFERROR(VLOOKUP(B33,EIB!$B$2:$F$177, 4, FALSE), 0.1) -> 0.1 | AB33: =VLOOKUP(B33,'UN Multilaterism Index'!$B$2:$C$194, 2,FALSE) -> 71.8
A34: Czechia | B34: CZE | C34: Eastern Europe | D34: 1 | E34: 1 | F34: 1 | G34: 0 | H34: 1 | I34: 1 | J34: 1 | K34: 1 | L34: 64.628962 | M34: {=INDEX('cumulative-co-emissions1850'!$D$1:$D$260000,MATCH(1, ('cumulative-co-emissions1850'!$C$1:$C$260000=2024)*('cumulative-co-emissions1850'!$B$1:$B$260000=Summary!$B34), 0)) - IFERROR(INDEX('cumulative-co-emissions1850'!$D$1:$D$260000,MATCH(1, ('cumulative-co-emissions1850'!$C$1:$C$260000=1850)*('cumulative-co-emissions1850'!$B$1:$B$260000=Summary!$B34), 0)), 0)} -> 12331785000 | N34: {=INDEX('cumulative-co-emissions1850'!$D$1:$D$260000,MATCH(1, ('cumulative-co-emissions1850'!$C$1:$C$260000=2024)*('cumulative-co-emissions1850'!$B$1:$B$260000=Summary!$B34), 0)) - IFERROR(INDEX('cumulative-co-emissions1850'!$D$1:$D$260000,MATCH(1, ('cumulative-co-emissions1850'!$C$1:$C$260000=1990)*('cumulative-co-emissions1850'!$B$1:$B$260000=Summary!$B34), 0)), 0)} -> 3983890700 | O34: 10597397 | P34: 126239.04 | Q34: 10700000 | R34: 1553.5929 | S34: 11.798041 | T34: 236000000000 | U34: 236000000000 | V34: 452000000000 | W34: 22236.667 | X34: 42518.333 | Y34: =VLOOKUP(B34,gain!$A$2:$AE$193, 31) -> 62.893412 | Z34: =IFERROR(VLOOKUP(B34,EIB!$B$2:$F$177, 2, FALSE), 0.1) -> 0.1 | AA34: =IFERROR(VLOOKUP(B34,EIB!$B$2:$F$177, 4, FALSE), 0.1) -> 0.1 | AB34: =VLOOKUP(B34,'UN Multilaterism Index'!$B$2:$C$194, 2,FALSE) -> 66.5
A35: Kuwait | B35: KWT | C35: Western Asia | D35: 0 | E35: 1 | F35: =IF(G35=1, 1, 0) -> 0 | G35: 0 | H35: 1 | I35: 1 | J35: 1 | K35: 1 | L35: 53.955859 | M35: {=INDEX('cumulative-co-emissions1850'!$D$1:$D$260000,MATCH(1, ('cumulative-co-emissions1850'!$C$1:$C$260000=2024)*('cumulative-co-emissions1850'!$B$1:$B$260000=Summary!$B35), 0)) - IFERROR(INDEX('cumulative-co-emissions1850'!$D$1:$D$260000,MATCH(1, ('cumulative-co-emissions1850'!$C$1:$C$260000=1850)*('cumulative-co-emissions1850'!$B$1:$B$260000=Summary!$B35), 0)), 0)} -> 3875923200 | N35: {=INDEX('cumulative-co-emissions1850'!$D$1:$D$260000,MATCH(1, ('cumulative-co-emissions1850'!$C$1:$C$260000=2024)*('cumulative-co-emissions1850'!$B$1:$B$260000=Summary!$B35), 0)) - IFERROR(INDEX('cumulative-co-emissions1850'!$D$1:$D$260000,MATCH(1, ('cumulative-co-emissions1850'!$C$1:$C$260000=1990)*('cumulative-co-emissions1850'!$B$1:$B$260000=Summary!$B35), 0)), 0)} -> 3092921300 | O35: 2896613.9 | P35: 103709.83 | Q35: 4270000 | R35: 797.2153 | S35: 24.288016 | T35: 147000000000 | U35: 147000000000 | V35: 251000000000 | W35: 34135 | X35: 58495 | Y35: =VLOOKUP(B35,gain!$A$2:$AE$193, 31) -> 53.875522 | Z35: =IFERROR(VLOOKUP(B35,EIB!$B$2:$F$177, 2, FALSE), 0.1) -> 1.8 | AA35: =IFERROR(VLOOKUP(B35,EIB!$B$2:$F$177, 4, FALSE), 0.1) -> 1.5 | AB35: =VLOOKUP(B35,'UN Multilaterism Index'!$B$2:$C$194, 2,FALSE) -> 79.5
A36: Finland | B36: FIN | C36: Northern Europe | D36: 1 | E36: 1 | F36: =IF(G36=1, 1, 0) -> 1 | G36: 1 | H36: 1 | I36: 1 | J36: 1 | K36: 1 | L36: 73.68879 | M36: {=INDEX('cumulative-co-emissions1850'!$D$1:$D$260000,MATCH(1, ('cumulative-co-emissions1850'!$C$1:$C$260000=2024)*('cumulative-co-emissions1850'!$B$1:$B$260000=Summary!$B36), 0)) - IFERROR(INDEX('cumulative-co-emissions1850'!$D$1:$D$260000,MATCH(1, ('cumulative-co-emissions1850'!$C$1:$C$260000=1850)*('cumulative-co-emissions1850'!$B$1:$B$260000=Summary!$B36), 0)), 0)} -> 3324778500 | N36: {=INDEX('cumulative-co-emissions1850'!$D$1:$D$260000,MATCH(1, ('cumulative-co-emissions1850'!$C$1:$C$260000=2024)*('cumulative-co-emissions1850'!$B$1:$B$260000=Summary!$B36), 0)) - IFERROR(INDEX('cumulative-co-emissions1850'!$D$1:$D$260000,MATCH(1, ('cumulative-co-emissions1850'!$C$1:$C$260000=1990)*('cumulative-co-emissions1850'!$B$1:$B$260000=Summary!$B36), 0)), 0)} -> 1832526100 | O36: 3174628.1 | P36: 41295.014 | Q36: 5560000 | R36: 875.64406 | S36: 7.4271608 | T36: 278000000000 | U36: 278000000000 | V36: 301000000000 | W36: 50196.667 | X36: 54476.667 | Y36: =VLOOKUP(B36,gain!$A$2:$AE$193, 31) -> 44.869931 | Z36: =IFERROR(VLOOKUP(B36,EIB!$B$2:$F$177, 2, FALSE), 0.1) -> 0.1 | AA36: =IFERROR(VLOOKUP(B36,EIB!$B$2:$F$177, 4, FALSE), 0.1) -> 0.1 | AB36: =VLOOKUP(B36,'UN Multilaterism Index'!$B$2:$C$194, 2,FALSE) -> 67.4
A37: Turkey | B37: TUR | C37: Western Asia | D37: 1 | E37: 1 | F37: 1 | G37: 0 | H37: 1 | I37: 1 | J37: 1 | K37: 0 | L37: 55.846314 | M37: {=INDEX('cumulative-co-emissions1850'!$D$1:$D$260000,MATCH(1, ('cumulative-co-emissions1850'!$C$1:$C$260000=2024)*('cumulative-co-emissions1850'!$B$1:$B$260000=Summary!$B37), 0)) - IFERROR(INDEX('cumulative-co-emissions1850'!$D$1:$D$260000,MATCH(1, ('cumulative-co-emissions1850'!$C$1:$C$260000=1850)*('cumulative-co-emissions1850'!$B$1:$B$260000=Summary!$B37), 0)), 0)} -> 12887552000 | N37: {=INDEX('cumulative-co-emissions1850'!$D$1:$D$260000,MATCH(1, ('cumulative-co-emissions1850'!$C$1:$C$260000=2024)*('cumulative-co-emissions1850'!$B$1:$B$260000=Summary!$B37), 0)) - IFERROR(INDEX('cumulative-co-emissions1850'!$D$1:$D$260000,MATCH(1, ('cumulative-co-emissions1850'!$C$1:$C$260000=1990)*('cumulative-co-emissions1850'!$B$1:$B$260000=Summary!$B37), 0)), 0)} -> 10477029400 | O37: 17001902 | P37: 501708.75 | Q37: 85000000 | R37: 282.24812 | S37: 5.9024559 | T37: 846000000000 | U37: 792000000000 | V37: 2510000000000 | W37: 10225 | X37: 30220 | Y37: =VLOOKUP(B37,gain!$A$2:$AE$193, 31) -> 53.902791 | Z37: =IFERROR(VLOOKUP(B37,EIB!$B$2:$F$177, 2, FALSE), 0.1) -> 0.1 | AA37: =IFERROR(VLOOKUP(B37,EIB!$B$2:$F$177, 4, FALSE), 0.1) -> 0 | AB37: =VLOOKUP(B37,'UN Multilaterism Index'!$B$2:$C$194, 2,FALSE) -> 58.3
A38: Iceland | B38: ISL | C38: Northern Europe | D38: 1 | E38: 1 | F38: =IF(G38=1, 1, 0) -> 1 | G38: 1 | H38: 1 | I38: 1 | J38: 1 | K38: 1 | L38: 70.680574 | M38: {=INDEX('cumulative-co-emissions1850'!$D$1:$D$260000,MATCH(1, ('cumulative-co-emissions1850'!$C$1:$C$260000=2024)*('cumulative-co-emissions1850'!$B$1:$B$260000=Summary!$B38), 0)) - IFERROR(INDEX('cumulative-co-emissions1850'!$D$1:$D$260000,MATCH(1, ('cumulative-co-emissions1850'!$C$1:$C$260000=1850)*('cumulative-co-emissions1850'!$B$1:$B$260000=Summary!$B38), 0)), 0)} -> 171686030 | N38: {=INDEX('cumulative-co-emissions1850'!$D$1:$D$260000,MATCH(1, ('cumulative-co-emissions1850'!$C$1:$C$260000=2024)*('cumulative-co-emissions1850'!$B$1:$B$260000=Summary!$B38), 0)) - IFERROR(INDEX('cumulative-co-emissions1850'!$D$1:$D$260000,MATCH(1, ('cumulative-co-emissions1850'!$C$1:$C$260000=1990)*('cumulative-co-emissions1850'!$B$1:$B$260000=Summary!$B38), 0)), 0)} -> 107406140 | O38: 1043249.7 | P38: 14257.125 | Q38: 382000 | R38: 4299.0134 | S38: 37.322317 | T38: 23900000000 | U38: 23900000000 | V38: 21200000000 | W38: 65823.333 | X38: 58258.333 | Y38: =VLOOKUP(B38,gain!$A$2:$AE$193, 31) -> 64.063138 | Z38: =IFERROR(VLOOKUP(B38,EIB!$B$2:$F$177, 2, FALSE), 0.1) -> 0.1 | AA38: =IFERROR(VLOOKUP(B38,EIB!$B$2:$F$177, 4, FALSE), 0.1) -> 0 | AB38: =VLOOKUP(B38,'UN Multilaterism Index'!$B$2:$C$194, 2,FALSE) -> 69.4
A39: Kazakhstan | B39: KAZ | C39: Central Asia | D39: 0 | E39: 1 | F39: =IF(G39=1, 1, 0) -> 0 | G39: 0 | H39: 1 | I39: 1 | J39: 1 | K39: 0 | L39: 59.439522 | M39: {=INDEX('cumulative-co-emissions1850'!$D$1:$D$260000,MATCH(1, ('cumulative-co-emissions1850'!$C$1:$C$260000=2024)*('cumulative-co-emissions1850'!$B$1:$B$260000=Summary!$B39), 0)) - IFERROR(INDEX('cumulative-co-emissions1850'!$D$1:$D$260000,MATCH(1, ('cumulative-co-emissions1850'!$C$1:$C$260000=1850)*('cumulative-co-emissions1850'!$B$1:$B$260000=Summary!$B39), 0)), 0)} -> 14937427599 | N39: {=INDEX('cumulative-co-emissions1850'!$D$1:$D$260000,MATCH(1, ('cumulative-co-emissions1850'!$C$1:$C$260000=2024)*('cumulative-co-emissions1850'!$B$1:$B$260000=Summary!$B39), 0)) - IFERROR(INDEX('cumulative-co-emissions1850'!$D$1:$D$260000,MATCH(1, ('cumulative-co-emissions1850'!$C$1:$C$260000=1990)*('cumulative-co-emissions1850'!$B$1:$B$260000=Summary!$B39), 0)), 0)} -> 7708144400 | O39: 19870422 | P39: 361776.71 | Q39: 19600000 | R39: 1448.862 | S39: 18.457995 | T39: 163000000000 | U39: 143000000000 | V39: 456000000000 | W39: 8690 | X39: 24361.667 | Y39: =VLOOKUP(B39,gain!$A$2:$AE$193, 31) -> 58.030748 | Z39: =IFERROR(VLOOKUP(B39,EIB!$B$2:$F$177, 2, FALSE), 0.1) -> 0 | AA39: =IFERROR(VLOOKUP(B39,EIB!$B$2:$F$177, 4, FALSE), 0.1) -> 0 | AB39: =VLOOKUP(B39,'UN Multilaterism Index'!$B$2:$C$194, 2,FALSE) -> 76.6
A40: San Marino | B40: SMR | C40: Southern Europe | D40: 0 | E40: 1 | F40: =IF(G40=1, 1, 0) -> 0 | G40: 0 | H40: 1 | I40: 1 | J40: 0 | K40: 1 | M40: {=INDEX('cumulative-co-emissions1850'!$D$1:$D$260000,MATCH(1, ('cumulative-co-emissions1850'!$C$1:$C$260000=2024)*('cumulative-co-emissions1850'!$B$1:$B$260000=Summary!$B40), 0)) - IFERROR(INDEX('cumulative-co-emissions1850'!$D$1:$D$260000,MATCH(1, ('cumulative-co-emissions1850'!$C$1:$C$260000=1850)*('cumulative-co-emissions1850'!$B$1:$B$260000=Summary!$B40), 0)), 0)} -> #N/A | N40: {=INDEX('cumulative-co-emissions1850'!$D$1:$D$260000,MATCH(1, ('cumulative-co-emissions1850'!$C$1:$C$260000=2024)*('cumulative-co-emissions1850'!$B$1:$B$260000=Summary!$B40), 0)) - IFERROR(INDEX('cumulative-co-emissions1850'!$D$1:$D$260000,MATCH(1, ('cumulative-co-emissions1850'!$C$1:$C$260000=1990)*('cumulative-co-emissions1850'!$B$1:$B$260000=Summary!$B40), 0)), 0)} -> #N/A | O40: 10898.137 | P40: 183.39114 | Q40: 33700 | R40: 421.30022 | S40: 5.4418736 | T40: 1460000000 | U40: 1460000000 | V40: 1910000000 | W40: 42990 | X40: 56192 | Y40: =VLOOKUP(B40,gain!$A$2:$AE$193, 31) -> 40.379899 | Z40: =IFERROR(VLOOKUP(B40,EIB!$B$2:$F$177, 2, FALSE), 0.1) -> 0.1 | AA40: =IFERROR(VLOOKUP(B40,EIB!$B$2:$F$177, 4, FALSE), 0.1) -> 0 | AB40: =VLOOKUP(B40,'UN Multilaterism Index'!$B$2:$C$194, 2,FALSE) -> 66.6
A41: Argentina | B41: ARG | C41: Latin America and the Caribbean | D41: 0 | E41: 1 | F41: =IF(G41=1, 1, 0) -> 0 | G41: 0 | H41: 1 | I41: 1 | J41: 1 | K41: 0 | L41: 49.747516 | M41: {=INDEX('cumulative-co-emissions1850'!$D$1:$D$260000,MATCH(1, ('cumulative-co-emissions1850'!$C$1:$C$260000=2024)*('cumulative-co-emissions1850'!$B$1:$B$260000=Summary!$B41), 0)) - IFERROR(INDEX('cumulative-co-emissions1850'!$D$1:$D$260000,MATCH(1, ('cumulative-co-emissions1850'!$C$1:$C$260000=1850)*('cumulative-co-emissions1850'!$B$1:$B$260000=Summary!$B41), 0)), 0)} -> 9151537000 | N41: {=INDEX('cumulative-co-emissions1850'!$D$1:$D$260000,MATCH(1, ('cumulative-co-emissions1850'!$C$1:$C$260000=2024)*('cumulative-co-emissions1850'!$B$1:$B$260000=Summary!$B41), 0)) - IFERROR(INDEX('cumulative-co-emissions1850'!$D$1:$D$260000,MATCH(1, ('cumulative-co-emissions1850'!$C$1:$C$260000=1990)*('cumulative-co-emissions1850'!$B$1:$B$260000=Summary!$B41), 0)), 0)} -> 5493485000 | O41: 19207988 | P41: 398764.71 | Q41: 46200000 | R41: 565.92514 | S41: 8.6312708 | T41: 506000000000 | U41: 474000000000 | V41: 1030000000000 | W41: 11228.333 | X41: 22861.667 | Y41: =VLOOKUP(B41,gain!$A$2:$AE$193, 31) -> 49.747451 | Z41: =IFERROR(VLOOKUP(B41,EIB!$B$2:$F$177, 2, FALSE), 0.1) -> 0.3 | AA41: =IFERROR(VLOOKUP(B41,EIB!$B$2:$F$177, 4, FALSE), 0.1) -> 0.1 | AB41: =VLOOKUP(B41,'UN Multilaterism Index'!$B$2:$C$194, 2,FALSE) -> 88.6
A42: Romania | B42: ROU | C42: Eastern Europe | D42: 0 | E42: 1 | F42: 1 | G42: 0 | H42: 1 | I42: 1 | J42: 1 | K42: 1 | L42: 51.870131 | M42: {=INDEX('cumulative-co-emissions1850'!$D$1:$D$260000,MATCH(1, ('cumulative-co-emissions1850'!$C$1:$C$260000=2024)*('cumulative-co-emissions1850'!$B$1:$B$260000=Summary!$B42), 0)) - IFERROR(INDEX('cumulative-co-emissions1850'!$D$1:$D$260000,MATCH(1, ('cumulative-co-emissions1850'!$C$1:$C$260000=1850)*('cumulative-co-emissions1850'!$B$1:$B$260000=Summary!$B42), 0)), 0)} -> 8861765000 | N42: {=INDEX('cumulative-co-emissions1850'!$D$1:$D$260000,MATCH(1, ('cumulative-co-emissions1850'!$C$1:$C$260000=2024)*('cumulative-co-emissions1850'!$B$1:$B$260000=Summary!$B42), 0)) - IFERROR(INDEX('cumulative-co-emissions1850'!$D$1:$D$260000,MATCH(1, ('cumulative-co-emissions1850'!$C$1:$C$260000=1990)*('cumulative-co-emissions1850'!$B$1:$B$260000=Summary!$B42), 0)), 0)} -> 3268036000 | O42: 9969156.5 | P42: 61285.665 | Q42: 19000000 | R42: 858.35088 | S42: 3.2255613 | T42: 247000000000 | U42: 247000000000 | V42: 648000000000 | W42: 12781.667 | X42: 33600 | Y42: =VLOOKUP(B42,gain!$A$2:$AE$193, 31) -> 52.499869 | Z42: =IFERROR(VLOOKUP(B42,EIB!$B$2:$F$177, 2, FALSE), 0.1) -> 0.1 | AA42: =IFERROR(VLOOKUP(B42,EIB!$B$2:$F$177, 4, FALSE), 0.1) -> 0.1 | AB42: =VLOOKUP(B42,'UN Multilaterism Index'!$B$2:$C$194, 2,FALSE) -> 64.9
A43: New Zealand | B43: NZL | C43: Australia and New Zealand | D43: 1 | E43: 1 | F43: =IF(G43=1, 1, 0) -> 1 | G43: 1 | H43: 1 | I43: 1 | J43: 1 | K43: 1 | L43: 72.030629 | M43: {=INDEX('cumulative-co-emissions1850'!$D$1:$D$260000,MATCH(1, ('cumulative-co-emissions1850'!$C$1:$C$260000=2024)*('cumulative-co-emissions1850'!$B$1:$B$260000=Summary!$B43), 0)) - IFERROR(INDEX('cumulative-co-emissions1850'!$D$1:$D$260000,MATCH(1, ('cumulative-co-emissions1850'!$C$1:$C$260000=1850)*('cumulative-co-emissions1850'!$B$1:$B$260000=Summary!$B43), 0)), 0)} -> 2012346800 | N43: {=INDEX('cumulative-co-emissions1850'!$D$1:$D$260000,MATCH(1, ('cumulative-co-emissions1850'!$C$1:$C$260000=2024)*('cumulative-co-emissions1850'!$B$1:$B$260000=Summary!$B43), 0)) - IFERROR(INDEX('cumulative-co-emissions1850'!$D$1:$D$260000,MATCH(1, ('cumulative-co-emissions1850'!$C$1:$C$260000=1990)*('cumulative-co-emissions1850'!$B$1:$B$260000=Summary!$B43), 0)), 0)} -> 1134337600 | O43: 3989893.8 | P43: 51716.431 | Q43: 5120000 | R43: 1231.6707 | S43: 10.100865 | T43: 217000000000 | U43: 217000000000 | V43: 224000000000 | W43: 43350 | X43: 44765 | Y43: =VLOOKUP(B43,gain!$A$2:$AE$193, 31) -> 52.499869 | Z43: =IFERROR(VLOOKUP(B43,EIB!$B$2:$F$177, 2, FALSE), 0.1) -> 0.4 | AA43: =IFERROR(VLOOKUP(B43,EIB!$B$2:$F$177, 4, FALSE), 0.1) -> 0.1 | AB43: =VLOOKUP(B43,'UN Multilaterism Index'!$B$2:$C$194, 2,FALSE) -> 74.8
A44: Bahrain | B44: BHR | C44: Western Asia | D44: 0 | E44: 1 | F44: =IF(G44=1, 1, 0) -> 0 | G44: 0 | H44: 1 | I44: 1 | J44: 1 | K44: 1 | L44: 52.37897 | M44: {=INDEX('cumulative-co-emissions1850'!$D$1:$D$260000,MATCH(1, ('cumulative-co-emissions1850'!$C$1:$C$260000=2024)*('cumulative-co-emissions1850'!$B$1:$B$260000=Summary!$B44), 0)) - IFERROR(INDEX('cumulative-co-emissions1850'!$D$1:$D$260000,MATCH(1, ('cumulative-co-emissions1850'!$C$1:$C$260000=1850)*('cumulative-co-emissions1850'!$B$1:$B$260000=Summary!$B44), 0)), 0)} -> 1112192100 | N44: {=INDEX('cumulative-co-emissions1850'!$D$1:$D$260000,MATCH(1, ('cumulative-co-emissions1850'!$C$1:$C$260000=2024)*('cumulative-co-emissions1850'!$B$1:$B$260000=Summary!$B44), 0)) - IFERROR(INDEX('cumulative-co-emissions1850'!$D$1:$D$260000,MATCH(1, ('cumulative-co-emissions1850'!$C$1:$C$260000=1990)*('cumulative-co-emissions1850'!$B$1:$B$260000=Summary!$B44), 0)), 0)} -> 875036050 | O44: 1104379.4 | P44: 37775.895 | Q44: 1470000 | R44: 885.49429 | S44: 25.697888 | T44: 35600000000 | U44: 35600000000 | V44: 73600000000 | W44: 24136.667 | X44: 49898.333 | Y44: =VLOOKUP(B44,gain!$A$2:$AE$193, 31) -> 48.330482 | Z44: =IFERROR(VLOOKUP(B44,EIB!$B$2:$F$177, 2, FALSE), 0.1) -> 1.3 | AA44: =IFERROR(VLOOKUP(B44,EIB!$B$2:$F$177, 4, FALSE), 0.1) -> 1.1 | AB44: =VLOOKUP(B44,'UN Multilaterism Index'!$B$2:$C$194, 2,FALSE) -> 69.2
A45: Thailand | B45: THA | C45: South-eastern Asia | D45: 0 | E45: 1 | F45: =IF(G45=1, 1, 0) -> 0 | G45: 0 | H45: 1 | I45: 0 | J45: 1 | K45: 0 | L45: 51.572402 | M45: {=INDEX('cumulative-co-emissions1850'!$D$1:$D$260000,MATCH(1, ('cumulative-co-emissions1850'!$C$1:$C$260000=2024)*('cumulative-co-emissions1850'!$B$1:$B$260000=Summary!$B45), 0)) - IFERROR(INDEX('cumulative-co-emissions1850'!$D$1:$D$260000,MATCH(1, ('cumulative-co-emissions1850'!$C$1:$C$260000=1850)*('cumulative-co-emissions1850'!$B$1:$B$260000=Summary!$B45), 0)), 0)} -> 8308318700 | N45: {=INDEX('cumulative-co-emissions1850'!$D$1:$D$260000,MATCH(1, ('cumulative-co-emissions1850'!$C$1:$C$260000=2024)*('cumulative-co-emissions1850'!$B$1:$B$260000=Summary!$B45), 0)) - IFERROR(INDEX('cumulative-co-emissions1850'!$D$1:$D$260000,MATCH(1, ('cumulative-co-emissions1850'!$C$1:$C$260000=1990)*('cumulative-co-emissions1850'!$B$1:$B$260000=Summary!$B45), 0)), 0)} -> 7367953600 | O45: 18396458 | P45: 286658.12 | Q45: 71700000 | R45: 367.48926 | S45: 3.9980212 | T45: 483000000000 | U45: 459000000000 | V45: 1280000000000 | W45: 6765 | X45: 17868.333 | Y45: =VLOOKUP(B45,gain!$A$2:$AE$193, 31) -> 49.880269 | Z45: =IFERROR(VLOOKUP(B45,EIB!$B$2:$F$177, 2, FALSE), 0.1) -> 1.1 | AA45: =IFERROR(VLOOKUP(B45,EIB!$B$2:$F$177, 4, FALSE), 0.1) -> 0.9 | AB45: =VLOOKUP(B45,'UN Multilaterism Index'!$B$2:$C$194, 2,FALSE) -> 74.5
A46: South Africa | B46: ZAF | C46: Sub-Saharan Africa | D46: 0 | E46: 1 | F46: =IF(G46=1, 1, 0) -> 0 | G46: 0 | H46: 1 | I46: 0 | J46: 1 | K46: 0 | L46: 48.619725 | M46: {=INDEX('cumulative-co-emissions1850'!$D$1:$D$260000,MATCH(1, ('cumulative-co-emissions1850'!$C$1:$C$260000=2024)*('cumulative-co-emissions1850'!$B$1:$B$260000=Summary!$B46), 0)) - IFERROR(INDEX('cumulative-co-emissions1850'!$D$1:$D$260000,MATCH(1, ('cumulative-co-emissions1850'!$C$1:$C$260000=1850)*('cumulative-co-emissions1850'!$B$1:$B$260000=Summary!$B46), 0)), 0)} -> 22826967000 | N46: {=INDEX('cumulative-co-emissions1850'!$D$1:$D$260000,MATCH(1, ('cumulative-co-emissions1850'!$C$1:$C$260000=2024)*('cumulative-co-emissions1850'!$B$1:$B$260000=Summary!$B46), 0)) - IFERROR(INDEX('cumulative-co-emissions1850'!$D$1:$D$260000,MATCH(1, ('cumulative-co-emissions1850'!$C$1:$C$260000=1990)*('cumulative-co-emissions1850'!$B$1:$B$260000=Summary!$B46), 0)), 0)} -> 14206441000 | O46: 22431026 | P46: 504910.97 | Q46: 59900000 | R46: 482.75305 | S46: 8.4292316 | T46: 375000000000 | U46: 353000000000 | V46: 827000000000 | W46: 6418.3333 | X46: 14160 | Y46: =VLOOKUP(B46,gain!$A$2:$AE$193, 31) -> 34.237131 | Z46: =IFERROR(VLOOKUP(B46,EIB!$B$2:$F$177, 2, FALSE), 0.1) -> 0.5 | AA46: =IFERROR(VLOOKUP(B46,EIB!$B$2:$F$177, 4, FALSE), 0.1) -> 0.3 | AB46: =VLOOKUP(B46,'UN Multilaterism Index'!$B$2:$C$194, 2,FALSE) -> 77
A47: Israel | B47: ISR | C47: Western Asia | D47: 1 | E47: 1 | F47: =IF(G47=1, 1, 0) -> 0 | G47: 0 | H47: 1 | I47: 1 | J47: 1 | K47: 1 | L47: 61.245108 | M47: {=INDEX('cumulative-co-emissions1850'!$D$1:$D$260000,MATCH(1, ('cumulative-co-emissions1850'!$C$1:$C$260000=2024)*('cumulative-co-emissions1850'!$B$1:$B$260000=Summary!$B47), 0)) - IFERROR(INDEX('cumulative-co-emissions1850'!$D$1:$D$260000,MATCH(1, ('cumulative-co-emissions1850'!$C$1:$C$260000=1850)*('cumulative-co-emissions1850'!$B$1:$B$260000=Summary!$B47), 0)), 0)} -> 2607636200 | N47: {=INDEX('cumulative-co-emissions1850'!$D$1:$D$260000,MATCH(1, ('cumulative-co-emissions1850'!$C$1:$C$260000=2024)*('cumulative-co-emissions1850'!$B$1:$B$260000=Summary!$B47), 0)) - IFERROR(INDEX('cumulative-co-emissions1850'!$D$1:$D$260000,MATCH(1, ('cumulative-co-emissions1850'!$C$1:$C$260000=1990)*('cumulative-co-emissions1850'!$B$1:$B$260000=Summary!$B47), 0)), 0)} -> 1979076300 | O47: 3095000.8 | P47: 90240.591 | Q47: 9560000 | R47: 399.19802 | S47: 9.4393924 | T47: 414000000000 | U47: 414000000000 | V47: 394000000000 | W47: 45190 | X47: 43016.667 | Y47: =VLOOKUP(B47,gain!$A$2:$AE$193, 31) -> 62.306464 | Z47: =IFERROR(VLOOKUP(B47,EIB!$B$2:$F$177, 2, FALSE), 0.1) -> 0.8 | AA47: =IFERROR(VLOOKUP(B47,EIB!$B$2:$F$177, 4, FALSE), 0.1) -> 0.5 | AB47: =VLOOKUP(B47,'UN Multilaterism Index'!$B$2:$C$194, 2,FALSE) -> 29
A48: Malta | B48: MLT | C48: Southern Europe | D48: 0 | E48: 1 | F48: =IF(G48=1, 1, 0) -> 0 | G48: 0 | H48: 1 | I48: 1 | J48: 1 | K48: 1 | L48: 58.225264 | M48: {=INDEX('cumulative-co-emissions1850'!$D$1:$D$260000,MATCH(1, ('cumulative-co-emissions1850'!$C$1:$C$260000=2024)*('cumulative-co-emissions1850'!$B$1:$B$260000=Summary!$B48), 0)) - IFERROR(INDEX('cumulative-co-emissions1850'!$D$1:$D$260000,MATCH(1, ('cumulative-co-emissions1850'!$C$1:$C$260000=1850)*('cumulative-co-emissions1850'!$B$1:$B$260000=Summary!$B48), 0)), 0)} -> 111222650 | N48: {=INDEX('cumulative-co-emissions1850'!$D$1:$D$260000,MATCH(1, ('cumulative-co-emissions1850'!$C$1:$C$260000=2024)*('cumulative-co-emissions1850'!$B$1:$B$260000=Summary!$B48), 0)) - IFERROR(INDEX('cumulative-co-emissions1850'!$D$1:$D$260000,MATCH(1, ('cumulative-co-emissions1850'!$C$1:$C$260000=1990)*('cumulative-co-emissions1850'!$B$1:$B$260000=Summary!$B48), 0)), 0)} -> 78940968 | O48: 110191.13 | P48: 2169.181 | Q48: 531000 | R48: 246.80449 | S48: 4.0850866 | T48: 14500000000 | U48: 14500000000 | V48: 22600000000 | W48: 28618.333 | X48: 44785 | Y48: =VLOOKUP(B48,gain!$A$2:$AE$193, 31) -> 52.499869 | Z48: =IFERROR(VLOOKUP(B48,EIB!$B$2:$F$177, 2, FALSE), 0.1) -> 0.1 | AA48: =IFERROR(VLOOKUP(B48,EIB!$B$2:$F$177, 4, FALSE), 0.1) -> 0.1 | AB48: =VLOOKUP(B48,'UN Multilaterism Index'!$B$2:$C$194, 2,FALSE) -> 78.4
A49: Hungary | B49: HUN | C49: Eastern Europe | D49: 1 | E49: 1 | F49: 1 | G49: 0 | H49: 1 | I49: 1 | J49: 1 | K49: 1 | L49: 57.549065 | M49: {=INDEX('cumulative-co-emissions1850'!$D$1:$D$260000,MATCH(1, ('cumulative-co-emissions1850'!$C$1:$C$260000=2024)*('cumulative-co-emissions1850'!$B$1:$B$260000=Summary!$B49), 0)) - IFERROR(INDEX('cumulative-co-emissions1850'!$D$1:$D$260000,MATCH(1, ('cumulative-co-emissions1850'!$C$1:$C$260000=1850)*('cumulative-co-emissions1850'!$B$1:$B$260000=Summary!$B49), 0)), 0)} -> 5183892500 | N49: {=INDEX('cumulative-co-emissions1850'!$D$1:$D$260000,MATCH(1, ('cumulative-co-emissions1850'!$C$1:$C$260000=2024)*('cumulative-co-emissions1850'!$B$1:$B$260000=Summary!$B49), 0)) - IFERROR(INDEX('cumulative-co-emissions1850'!$D$1:$D$260000,MATCH(1, ('cumulative-co-emissions1850'!$C$1:$C$260000=1990)*('cumulative-co-emissions1850'!$B$1:$B$260000=Summary!$B49), 0)), 0)} -> 1849911500 | O49: 5071559.8 | P49: 54465.252 | Q49: 9640000 | R49: 822.49648 | S49: 5.6499224 | T49: 158000000000 | U49: 158000000000 | V49: 336000000000 | W49: 16251.667 | X49: 34513.333 | Y49: =VLOOKUP(B49,gain!$A$2:$AE$193, 31) -> 54.597235 | Z49: =IFERROR(VLOOKUP(B49,EIB!$B$2:$F$177, 2, FALSE), 0.1) -> 0.1 | AA49: =IFERROR(VLOOKUP(B49,EIB!$B$2:$F$177, 4, FALSE), 0.1) -> 0.1 | AB49: =VLOOKUP(B49,'UN Multilaterism Index'!$B$2:$C$194, 2,FALSE) -> 70.4
A50: Lithuania | B50: LTU | C50: Northern Europe | D50: 1 | E50: 1 | F50: 1 | G50: 0 | H50: 1 | I50: 1 | J50: 1 | K50: 1 | L50: 61.049035 | M50: {=INDEX('cumulative-co-emissions1850'!$D$1:$D$260000,MATCH(1, ('cumulative-co-emissions1850'!$C$1:$C$260000=2024)*('cumulative-co-emissions1850'!$B$1:$B$260000=Summary!$B50), 0)) - IFERROR(INDEX('cumulative-co-emissions1850'!$D$1:$D$260000,MATCH(1, ('cumulative-co-emissions1850'!$C$1:$C$260000=1850)*('cumulative-co-emissions1850'!$B$1:$B$260000=Summary!$B50), 0)), 0)} -> 1610088952 | N50: {=INDEX('cumulative-co-emissions1850'!$D$1:$D$260000,MATCH(1, ('cumulative-co-emissions1850'!$C$1:$C$260000=2024)*('cumulative-co-emissions1850'!$B$1:$B$260000=Summary!$B50), 0)) - IFERROR(INDEX('cumulative-co-emissions1850'!$D$1:$D$260000,MATCH(1, ('cumulative-co-emissions1850'!$C$1:$C$260000=1990)*('cumulative-co-emissions1850'!$B$1:$B$260000=Summary!$B50), 0)), 0)} -> 500295200 | O50: 1882326.2 | P50: 13305.994 | Q50: 2830000 | R50: 1132.4865 | S50: 4.7017647 | T50: 54900000000 | U50: 54900000000 | V50: 113000000000 | W50: 19543.333 | X50: 40123.333 | Y50: =VLOOKUP(B50,gain!$A$2:$AE$193, 31) -> 52.499869 | Z50: =IFERROR(VLOOKUP(B50,EIB!$B$2:$F$177, 2, FALSE), 0.1) -> 0.1 | AA50: =IFERROR(VLOOKUP(B50,EIB!$B$2:$F$177, 4, FALSE), 0.1) -> 0.1 | AB50: =VLOOKUP(B50,'UN Multilaterism Index'!$B$2:$C$194, 2,FALSE) -> 54.9
A51: Slovenia | B51: SVN | C51: Southern Europe | D51: 1 | E51: 1 | F51: 1 | G51: 0 | H51: 1 | I51: 1 | J51: 1 | K51: 1 | L51: 65.063852 | M51: {=INDEX('cumulative-co-emissions1850'!$D$1:$D$260000,MATCH(1, ('cumulative-co-emissions1850'!$C$1:$C$260000=2024)*('cumulative-co-emissions1850'!$B$1:$B$260000=Summary!$B51), 0)) - IFERROR(INDEX('cumulative-co-emissions1850'!$D$1:$D$260000,MATCH(1, ('cumulative-co-emissions1850'!$C$1:$C$260000=1850)*('cumulative-co-emissions1850'!$B$1:$B$260000=Summary!$B51), 0)), 0)} -> 911401540 | N51: {=INDEX('cumulative-co-emissions1850'!$D$1:$D$260000,MATCH(1, ('cumulative-co-emissions1850'!$C$1:$C$260000=2024)*('cumulative-co-emissions1850'!$B$1:$B$260000=Summary!$B51), 0)) - IFERROR(INDEX('cumulative-co-emissions1850'!$D$1:$D$260000,MATCH(1, ('cumulative-co-emissions1850'!$C$1:$C$260000=1990)*('cumulative-co-emissions1850'!$B$1:$B$260000=Summary!$B51), 0)), 0)} -> 515109600 | O51: 824539.49 | P51: 13817.578 | Q51: 2110000 | R51: 565.25794 | S51: 6.5486152 | T51: 54500000000 | U51: 54500000000 | V51: 88800000000 | W51: 26048.333 | X51: 42396.667 | Y51: =VLOOKUP(B51,gain!$A$2:$AE$193, 31) -> 44.350223 | Z51: =IFERROR(VLOOKUP(B51,EIB!$B$2:$F$177, 2, FALSE), 0.1) -> 0.1 | AA51: =IFERROR(VLOOKUP(B51,EIB!$B$2:$F$177, 4, FALSE), 0.1) -> 0.1 | AB51: =VLOOKUP(B51,'UN Multilaterism Index'!$B$2:$C$194, 2,FALSE) -> 66.3
A52: Colombia | B52: COL | C52: Latin America and the Caribbean | D52: 1 | E52: 1 | F52: =IF(G52=1, 1, 0) -> 0 | G52: 0 | H52: 1 | I52: 0 | J52: 1 | K52: 0 | L52: 47.965395 | M52: {=INDEX('cumulative-co-emissions1850'!$D$1:$D$260000,MATCH(1, ('cumulative-co-emissions1850'!$C$1:$C$260000=2024)*('cumulative-co-emissions1850'!$B$1:$B$260000=Summary!$B52), 0)) - IFERROR(INDEX('cumulative-co-emissions1850'!$D$1:$D$260000,MATCH(1, ('cumulative-co-emissions1850'!$C$1:$C$260000=1850)*('cumulative-co-emissions1850'!$B$1:$B$260000=Summary!$B52), 0)), 0)} -> 3802047500 | N52: {=INDEX('cumulative-co-emissions1850'!$D$1:$D$260000,MATCH(1, ('cumulative-co-emissions1850'!$C$1:$C$260000=2024)*('cumulative-co-emissions1850'!$B$1:$B$260000=Summary!$B52), 0)) - IFERROR(INDEX('cumulative-co-emissions1850'!$D$1:$D$260000,MATCH(1, ('cumulative-co-emissions1850'!$C$1:$C$260000=1990)*('cumulative-co-emissions1850'!$B$1:$B$260000=Summary!$B52), 0)), 0)} -> 2486460800 | O52: 14492260 | P52: 286255.03 | Q52: 51900000 | R52: 409.25311 | S52: 5.5155112 | T52: 314000000000 | U52: 295000000000 | V52: 818000000000 | W52: 6240 | X52: 16211.667 | Y52: =VLOOKUP(B52,gain!$A$2:$AE$193, 31) -> 40.2543 | Z52: =IFERROR(VLOOKUP(B52,EIB!$B$2:$F$177, 2, FALSE), 0.1) -> 0.3 | AA52: =IFERROR(VLOOKUP(B52,EIB!$B$2:$F$177, 4, FALSE), 0.1) -> 0.1 | AB52: =VLOOKUP(B52,'UN Multilaterism Index'!$B$2:$C$194, 2,FALSE) -> 75
A53: Cyprus | B53: CYP | C53: Western Asia | D53: 0 | E53: 1 | F53: =IF(G53=1, 1, 0) -> 0 | G53: 0 | H53: 1 | I53: 1 | J53: 1 | K53: 1 | L53: 58.103297 | M53: {=INDEX('cumulative-co-emissions1850'!$D$1:$D$260000,MATCH(1, ('cumulative-co-emissions1850'!$C$1:$C$260000=2024)*('cumulative-co-emissions1850'!$B$1:$B$260000=Summary!$B53), 0)) - IFERROR(INDEX('cumulative-co-emissions1850'!$D$1:$D$260000,MATCH(1, ('cumulative-co-emissions1850'!$C$1:$C$260000=1850)*('cumulative-co-emissions1850'!$B$1:$B$260000=Summary!$B53), 0)), 0)} -> 321552420 | N53: {=INDEX('cumulative-co-emissions1850'!$D$1:$D$260000,MATCH(1, ('cumulative-co-emissions1850'!$C$1:$C$260000=2024)*('cumulative-co-emissions1850'!$B$1:$B$260000=Summary!$B53), 0)) - IFERROR(INDEX('cumulative-co-emissions1850'!$D$1:$D$260000,MATCH(1, ('cumulative-co-emissions1850'!$C$1:$C$260000=1990)*('cumulative-co-emissions1850'!$B$1:$B$260000=Summary!$B53), 0)), 0)} -> 241049030 | O53: 362118.47 | P53: 8869.1912 | Q53: 1250000 | R53: 366.70753 | S53: 7.095353 | T53: 25000000000 | U53: 25000000000 | V53: 37400000000 | W53: 28143.333 | X53: 42081.667 | Y53: =VLOOKUP(B53,gain!$A$2:$AE$193, 31) -> 55.955586 | Z53: =IFERROR(VLOOKUP(B53,EIB!$B$2:$F$177, 2, FALSE), 0.1) -> 0.1 | AA53: =IFERROR(VLOOKUP(B53,EIB!$B$2:$F$177, 4, FALSE), 0.1) -> 0.1 | AB53: =VLOOKUP(B53,'UN Multilaterism Index'!$B$2:$C$194, 2,FALSE) -> 67.5
A54: Portugal | B54: PRT | C54: Southern Europe | D54: 1 | E54: 1 | F54: =IF(G54=1, 1, 0) -> 1 | G54: 1 | H54: 1 | I54: 1 | J54: 1 | K54: 1 | L54: 62.806718 | M54: {=INDEX('cumulative-co-emissions1850'!$D$1:$D$260000,MATCH(1, ('cumulative-co-emissions1850'!$C$1:$C$260000=2024)*('cumulative-co-emissions1850'!$B$1:$B$260000=Summary!$B54), 0)) - IFERROR(INDEX('cumulative-co-emissions1850'!$D$1:$D$260000,MATCH(1, ('cumulative-co-emissions1850'!$C$1:$C$260000=1850)*('cumulative-co-emissions1850'!$B$1:$B$260000=Summary!$B54), 0)), 0)} -> 2767615000 | N54: {=INDEX('cumulative-co-emissions1850'!$D$1:$D$260000,MATCH(1, ('cumulative-co-emissions1850'!$C$1:$C$260000=2024)*('cumulative-co-emissions1850'!$B$1:$B$260000=Summary!$B54), 0)) - IFERROR(INDEX('cumulative-co-emissions1850'!$D$1:$D$260000,MATCH(1, ('cumulative-co-emissions1850'!$C$1:$C$260000=1990)*('cumulative-co-emissions1850'!$B$1:$B$260000=Summary!$B54), 0)), 0)} -> 1833947400 | O54: 3397314 | P54: 53215.162 | Q54: 10400000 | R54: 443.50092 | S54: 5.1168425 | T54: 236000000000 | U54: 236000000000 | V54: 380000000000 | W54: 22846.667 | X54: 36800 | Y54: =VLOOKUP(B54,gain!$A$2:$AE$193, 31) -> 52.499869 | Z54: =IFERROR(VLOOKUP(B54,EIB!$B$2:$F$177, 2, FALSE), 0.1) -> 0.1 | AA54: =IFERROR(VLOOKUP(B54,EIB!$B$2:$F$177, 4, FALSE), 0.1) -> 0.1 | AB54: =VLOOKUP(B54,'UN Multilaterism Index'!$B$2:$C$194, 2,FALSE) -> 69.6
A55: Estonia | B55: EST | C55: Northern Europe | D55: 1 | E55: 1 | F55: 1 | G55: 0 | H55: 1 | I55: 1 | J55: 1 | K55: 1 | L55: 64.114003 | M55: {=INDEX('cumulative-co-emissions1850'!$D$1:$D$260000,MATCH(1, ('cumulative-co-emissions1850'!$C$1:$C$260000=2024)*('cumulative-co-emissions1850'!$B$1:$B$260000=Summary!$B55), 0)) - IFERROR(INDEX('cumulative-co-emissions1850'!$D$1:$D$260000,MATCH(1, ('cumulative-co-emissions1850'!$C$1:$C$260000=1850)*('cumulative-co-emissions1850'!$B$1:$B$260000=Summary!$B55), 0)), 0)} -> 1668450315 | N55: {=INDEX('cumulative-co-emissions1850'!$D$1:$D$260000,MATCH(1, ('cumulative-co-emissions1850'!$C$1:$C$260000=2024)*('cumulative-co-emissions1850'!$B$1:$B$260000=Summary!$B55), 0)) - IFERROR(INDEX('cumulative-co-emissions1850'!$D$1:$D$260000,MATCH(1, ('cumulative-co-emissions1850'!$C$1:$C$260000=1990)*('cumulative-co-emissions1850'!$B$1:$B$260000=Summary!$B55), 0)), 0)} -> 578208600 | O55: 1388438.4 | P55: 14985.58 | Q55: 1350000 | R55: 1625.7716 | S55: 11.10043 | T55: 31000000000 | U55: 31000000000 | V55: 52700000000 | W55: 23325 | X55: 39648.333 | Y55: =VLOOKUP(B55,gain!$A$2:$AE$193, 31) -> 44.869931 | Z55: =IFERROR(VLOOKUP(B55,EIB!$B$2:$F$177, 2, FALSE), 0.1) -> 0.1 | AA55: =IFERROR(VLOOKUP(B55,EIB!$B$2:$F$177, 4, FALSE), 0.1) -> 0.1 | AB55: =VLOOKUP(B55,'UN Multilaterism Index'!$B$2:$C$194, 2,FALSE) -> 55.4
A56: Slovak Republic | B56: SVK | C56: Eastern Europe | D56: 1 | E56: 1 | F56: 1 | G56: 0 | H56: 1 | I56: 1 | J56: 1 | K56: 1 | L56: 57.836879 | M56: {=INDEX('cumulative-co-emissions1850'!$D$1:$D$260000,MATCH(1, ('cumulative-co-emissions1850'!$C$1:$C$260000=2024)*('cumulative-co-emissions1850'!$B$1:$B$260000=Summary!$B56), 0)) - IFERROR(INDEX('cumulative-co-emissions1850'!$D$1:$D$260000,MATCH(1, ('cumulative-co-emissions1850'!$C$1:$C$260000=1850)*('cumulative-co-emissions1850'!$B$1:$B$260000=Summary!$B56), 0)), 0)} -> 4028322000 | N56: {=INDEX('cumulative-co-emissions1850'!$D$1:$D$260000,MATCH(1, ('cumulative-co-emissions1850'!$C$1:$C$260000=2024)*('cumulative-co-emissions1850'!$B$1:$B$260000=Summary!$B56), 0)) - IFERROR(INDEX('cumulative-co-emissions1850'!$D$1:$D$260000,MATCH(1, ('cumulative-co-emissions1850'!$C$1:$C$260000=1990)*('cumulative-co-emissions1850'!$B$1:$B$260000=Summary!$B56), 0)), 0)} -> 1344591000 | O56: 3220063.2 | P56: 33285.001 | Q56: 5430000 | R56: 939.3957 | S56: 6.1298344 | T56: 106000000000 | U56: 106000000000 | V56: 186000000000 | W56: 19376.667 | X56: 34230 | Y56: =VLOOKUP(B56,gain!$A$2:$AE$193, 31) -> 55.168681 | Z56: =IFERROR(VLOOKUP(B56,EIB!$B$2:$F$177, 2, FALSE), 0.1) -> 0.1 | AA56: =IFERROR(VLOOKUP(B56,EIB!$B$2:$F$177, 4, FALSE), 0.1) -> 0.1 | AB56: =VLOOKUP(B56,'UN Multilaterism Index'!$B$2:$C$194, 2,FALSE) -> 60.9
A57: Greece | B57: GRC | C57: Southern Europe | D57: 1 | E57: 1 | F57: =IF(G57=1, 1, 0) -> 1 | G57: 1 | H57: 1 | I57: 1 | J57: 1 | K57: 1 | L57: 59.618184 | M57: {=INDEX('cumulative-co-emissions1850'!$D$1:$D$260000,MATCH(1, ('cumulative-co-emissions1850'!$C$1:$C$260000=2024)*('cumulative-co-emissions1850'!$B$1:$B$260000=Summary!$B57), 0)) - IFERROR(INDEX('cumulative-co-emissions1850'!$D$1:$D$260000,MATCH(1, ('cumulative-co-emissions1850'!$C$1:$C$260000=1850)*('cumulative-co-emissions1850'!$B$1:$B$260000=Summary!$B57), 0)), 0)} -> 4296778000 | N57: {=INDEX('cumulative-co-emissions1850'!$D$1:$D$260000,MATCH(1, ('cumulative-co-emissions1850'!$C$1:$C$260000=2024)*('cumulative-co-emissions1850'!$B$1:$B$260000=Summary!$B57), 0)) - IFERROR(INDEX('cumulative-co-emissions1850'!$D$1:$D$260000,MATCH(1, ('cumulative-co-emissions1850'!$C$1:$C$260000=1990)*('cumulative-co-emissions1850'!$B$1:$B$260000=Summary!$B57), 0)), 0)} -> 2971970800 | O57: 5115839.2 | P57: 75083.533 | Q57: 10400000 | R57: 642.01998 | S57: 7.2195705 | T57: 207000000000 | U57: 207000000000 | V57: 336000000000 | W57: 19411.667 | X57: 31555 | Y57: =VLOOKUP(B57,gain!$A$2:$AE$193, 31) -> 58.048994 | Z57: =IFERROR(VLOOKUP(B57,EIB!$B$2:$F$177, 2, FALSE), 0.1) -> 0.1 | AA57: =IFERROR(VLOOKUP(B57,EIB!$B$2:$F$177, 4, FALSE), 0.1) -> 0.1 | AB57: =VLOOKUP(B57,'UN Multilaterism Index'!$B$2:$C$194, 2,FALSE) -> 57.2
A58: Oman | B58: OMN | C58: Western Asia | D58: 0 | E58: 1 | F58: =IF(G58=1, 1, 0) -> 0 | G58: 0 | H58: 1 | I58: 1 | J58: 1 | K58: 1 | L58: 54.037833 | M58: {=INDEX('cumulative-co-emissions1850'!$D$1:$D$260000,MATCH(1, ('cumulative-co-emissions1850'!$C$1:$C$260000=2024)*('cumulative-co-emissions1850'!$B$1:$B$260000=Summary!$B58), 0)) - IFERROR(INDEX('cumulative-co-emissions1850'!$D$1:$D$260000,MATCH(1, ('cumulative-co-emissions1850'!$C$1:$C$260000=1850)*('cumulative-co-emissions1850'!$B$1:$B$260000=Summary!$B58), 0)), 0)} -> 1673352600 | N58: {=INDEX('cumulative-co-emissions1850'!$D$1:$D$260000,MATCH(1, ('cumulative-co-emissions1850'!$C$1:$C$260000=2024)*('cumulative-co-emissions1850'!$B$1:$B$260000=Summary!$B58), 0)) - IFERROR(INDEX('cumulative-co-emissions1850'!$D$1:$D$260000,MATCH(1, ('cumulative-co-emissions1850'!$C$1:$C$260000=1990)*('cumulative-co-emissions1850'!$B$1:$B$260000=Summary!$B58), 0)), 0)} -> 1531116730 | O58: 2300311.7 | P58: 112728.32 | Q58: 4580000 | R58: 545.39962 | S58: 24.61317 | T58: 81200000000 | U58: 81200000000 | V58: 156000000000 | W58: 17793.333 | X58: 34245 | Y58: =VLOOKUP(B58,gain!$A$2:$AE$193, 31) -> 52.499869 | Z58: =IFERROR(VLOOKUP(B58,EIB!$B$2:$F$177, 2, FALSE), 0.1) -> 1.7 | AA58: =IFERROR(VLOOKUP(B58,EIB!$B$2:$F$177, 4, FALSE), 0.1) -> 1.5 | AB58: =VLOOKUP(B58,'UN Multilaterism Index'!$B$2:$C$194, 2,FALSE) -> 70.3
A59: Malaysia | B59: MYS | C59: South-eastern Asia | D59: 0 | E59: 1 | F59: =IF(G59=1, 1, 0) -> 0 | G59: 0 | H59: 1 | I59: 1 | J59: 1 | K59: 0 | L59: 56.708391 | M59: {=INDEX('cumulative-co-emissions1850'!$D$1:$D$260000,MATCH(1, ('cumulative-co-emissions1850'!$C$1:$C$260000=2024)*('cumulative-co-emissions1850'!$B$1:$B$260000=Summary!$B59), 0)) - IFERROR(INDEX('cumulative-co-emissions1850'!$D$1:$D$260000,MATCH(1, ('cumulative-co-emissions1850'!$C$1:$C$260000=1850)*('cumulative-co-emissions1850'!$B$1:$B$260000=Summary!$B59), 0)), 0)} -> 7042409500 | N59: {=INDEX('cumulative-co-emissions1850'!$D$1:$D$260000,MATCH(1, ('cumulative-co-emissions1850'!$C$1:$C$260000=2024)*('cumulative-co-emissions1850'!$B$1:$B$260000=Summary!$B59), 0)) - IFERROR(INDEX('cumulative-co-emissions1850'!$D$1:$D$260000,MATCH(1, ('cumulative-co-emissions1850'!$C$1:$C$260000=1990)*('cumulative-co-emissions1850'!$B$1:$B$260000=Summary!$B59), 0)), 0)} -> 6218658900 | O59: 3821751.9 | P59: 137830.55 | Q59: 33900000 | R59: 207.93167 | S59: 4.0657979 | T59: 352000000000 | U59: 352000000000 | V59: 922000000000 | W59: 10648.333 | X59: 27905 | Y59: =VLOOKUP(B59,gain!$A$2:$AE$193, 31) -> 52.499869 | Z59: =IFERROR(VLOOKUP(B59,EIB!$B$2:$F$177, 2, FALSE), 0.1) -> 0.5 | AA59: =IFERROR(VLOOKUP(B59,EIB!$B$2:$F$177, 4, FALSE), 0.1) -> 0.3 | AB59: =VLOOKUP(B59,'UN Multilaterism Index'!$B$2:$C$194, 2,FALSE) -> 83.1
A60: Croatia | B60: HRV | C60: Southern Europe | D60: 0 | E60: 1 | F60: 1 | G60: 0 | H60: 1 | I60: 1 | J60: 1 | K60: 1 | L60: 55.424477 | M60: {=INDEX('cumulative-co-emissions1850'!$D$1:$D$260000,MATCH(1, ('cumulative-co-emissions1850'!$C$1:$C$260000=2024)*('cumulative-co-emissions1850'!$B$1:$B$260000=Summary!$B60), 0)) - IFERROR(INDEX('cumulative-co-emissions1850'!$D$1:$D$260000,MATCH(1, ('cumulative-co-emissions1850'!$C$1:$C$260000=1850)*('cumulative-co-emissions1850'!$B$1:$B$260000=Summary!$B60), 0)), 0)} -> 1184689300 | N60: {=INDEX('cumulative-co-emissions1850'!$D$1:$D$260000,MATCH(1, ('cumulative-co-emissions1850'!$C$1:$C$260000=2024)*('cumulative-co-emissions1850'!$B$1:$B$260000=Summary!$B60), 0)) - IFERROR(INDEX('cumulative-co-emissions1850'!$D$1:$D$260000,MATCH(1, ('cumulative-co-emissions1850'!$C$1:$C$260000=1990)*('cumulative-co-emissions1850'!$B$1:$B$260000=Summary!$B60), 0)), 0)} -> 658959060 | O60: 1490159 | P60: 19000.283 | Q60: 3860000 | R60: 607.8582 | S60: 4.9223531 | T60: 63200000000 | U60: 63200000000 | V60: 133000000000 | W60: 15816.667 | X60: 33210 | Y60: =VLOOKUP(B60,gain!$A$2:$AE$193, 31) -> 43.732795 | Z60: =IFERROR(VLOOKUP(B60,EIB!$B$2:$F$177, 2, FALSE), 0.1) -> 0.1 | AA60: =IFERROR(VLOOKUP(B60,EIB!$B$2:$F$177, 4, FALSE), 0.1) -> 0.1 | AB60: =VLOOKUP(B60,'UN Multilaterism Index'!$B$2:$C$194, 2,FALSE) -> 72.7
A61: Latvia | B61: LVA | C61: Northern Europe | D61: 1 | E61: 1 | F61: 1 | G61: 0 | H61: 1 | I61: 1 | J61: 1 | K61: 1 | L61: 60.723114 | M61: {=INDEX('cumulative-co-emissions1850'!$D$1:$D$260000,MATCH(1, ('cumulative-co-emissions1850'!$C$1:$C$260000=2024)*('cumulative-co-emissions1850'!$B$1:$B$260000=Summary!$B61), 0)) - IFERROR(INDEX('cumulative-co-emissions1850'!$D$1:$D$260000,MATCH(1, ('cumulative-co-emissions1850'!$C$1:$C$260000=1850)*('cumulative-co-emissions1850'!$B$1:$B$260000=Summary!$B61), 0)), 0)} -> 980749352 | N61: {=INDEX('cumulative-co-emissions1850'!$D$1:$D$260000,MATCH(1, ('cumulative-co-emissions1850'!$C$1:$C$260000=2024)*('cumulative-co-emissions1850'!$B$1:$B$260000=Summary!$B61), 0)) - IFERROR(INDEX('cumulative-co-emissions1850'!$D$1:$D$260000,MATCH(1, ('cumulative-co-emissions1850'!$C$1:$C$260000=1990)*('cumulative-co-emissions1850'!$B$1:$B$260000=Summary!$B61), 0)), 0)} -> 284888650 | O61: 906150.75 | P61: 10386.722 | Q61: 1880000 | R61: 867.32922 | S61: 5.5248521 | T61: 34500000000 | U61: 34500000000 | V61: 64300000000 | W61: 18111.667 | X61: 33771.667 | Y61: =VLOOKUP(B61,gain!$A$2:$AE$193, 31) -> 52.499869 | Z61: =IFERROR(VLOOKUP(B61,EIB!$B$2:$F$177, 2, FALSE), 0.1) -> 0.1 | AA61: =IFERROR(VLOOKUP(B61,EIB!$B$2:$F$177, 4, FALSE), 0.1) -> 0.1 | AB61: =VLOOKUP(B61,'UN Multilaterism Index'!$B$2:$C$194, 2,FALSE) -> 54.2
A62: Bulgaria | B62: BGR | C62: Eastern Europe | D62: 0 | E62: 1 | F62: 1 | G62: 0 | H62: 1 | I62: 1 | J62: 1 | K62: 0 | L62: 56.04275 | M62: {=INDEX('cumulative-co-emissions1850'!$D$1:$D$260000,MATCH(1, ('cumulative-co-emissions1850'!$C$1:$C$260000=2024)*('cumulative-co-emissions1850'!$B$1:$B$260000=Summary!$B62), 0)) - IFERROR(INDEX('cumulative-co-emissions1850'!$D$1:$D$260000,MATCH(1, ('cumulative-co-emissions1850'!$C$1:$C$260000=1850)*('cumulative-co-emissions1850'!$B$1:$B$260000=Summary!$B62), 0)), 0)} -> 3984196400 | N62: {=INDEX('cumulative-co-emissions1850'!$D$1:$D$260000,MATCH(1, ('cumulative-co-emissions1850'!$C$1:$C$260000=2024)*('cumulative-co-emissions1850'!$B$1:$B$260000=Summary!$B62), 0)) - IFERROR(INDEX('cumulative-co-emissions1850'!$D$1:$D$260000,MATCH(1, ('cumulative-co-emissions1850'!$C$1:$C$260000=1990)*('cumulative-co-emissions1850'!$B$1:$B$260000=Summary!$B62), 0)), 0)} -> 1659458600 | O62: 4157771.8 | P62: 48219.374 | Q62: 6470000 | R62: 1028.6681 | S62: 7.4527626 | T62: 68100000000 | U62: 68100000000 | V62: 178000000000 | W62: 9930 | X62: 25910 | Y62: =VLOOKUP(B62,gain!$A$2:$AE$193, 31) -> 48.330482 | Z62: =IFERROR(VLOOKUP(B62,EIB!$B$2:$F$177, 2, FALSE), 0.1) -> 0.1 | AA62: =IFERROR(VLOOKUP(B62,EIB!$B$2:$F$177, 4, FALSE), 0.1) -> 0.1 | AB62: =VLOOKUP(B62,'UN Multilaterism Index'!$B$2:$C$194, 2,FALSE) -> 64.3
A63: Bahamas, The | B63: BHS | C63: Latin America and the Caribbean | D63: 0 | E63: 1 | F63: =IF(G63=1, 1, 0) -> 0 | G63: 0 | H63: 0 | I63: 1 | J63: 1 | K63: 1 | L63: 48.804963 | M63: {=INDEX('cumulative-co-emissions1850'!$D$1:$D$260000,MATCH(1, ('cumulative-co-emissions1850'!$C$1:$C$260000=2024)*('cumulative-co-emissions1850'!$B$1:$B$260000=Summary!$B63), 0)) - IFERROR(INDEX('cumulative-co-emissions1850'!$D$1:$D$260000,MATCH(1, ('cumulative-co-emissions1850'!$C$1:$C$260000=1850)*('cumulative-co-emissions1850'!$B$1:$B$260000=Summary!$B63), 0)), 0)} -> 180559860 | N63: {=INDEX('cumulative-co-emissions1850'!$D$1:$D$260000,MATCH(1, ('cumulative-co-emissions1850'!$C$1:$C$260000=2024)*('cumulative-co-emissions1850'!$B$1:$B$260000=Summary!$B63), 0)) - IFERROR(INDEX('cumulative-co-emissions1850'!$D$1:$D$260000,MATCH(1, ('cumulative-co-emissions1850'!$C$1:$C$260000=1990)*('cumulative-co-emissions1850'!$B$1:$B$260000=Summary!$B63), 0)), 0)} -> 72679100 | O63: 208952.69 | P63: 6021.9672 | Q63: 410000 | R63: 667.0861 | S63: 14.687725 | T63: 11500000000 | U63: 11500000000 | V63: 13300000000 | W63: 28470 | X63: 32828.333 | Y63: =VLOOKUP(B63,gain!$A$2:$AE$193, 31) -> 50.190165 | Z63: =IFERROR(VLOOKUP(B63,EIB!$B$2:$F$177, 2, FALSE), 0.1) -> 3.5 | AA63: =IFERROR(VLOOKUP(B63,EIB!$B$2:$F$177, 4, FALSE), 0.1) -> 3.4 | AB63: =VLOOKUP(B63,'UN Multilaterism Index'!$B$2:$C$194, 2,FALSE) -> 85
A64: Philippines | B64: PHL | C64: South-eastern Asia | D64: 0 | E64: 0 | F64: =IF(G64=1, 1, 0) -> 0 | G64: 0 | H64: 1 | I64: 0 | J64: 0 | K64: 0 | L64: 43.518772 | M64: {=INDEX('cumulative-co-emissions1850'!$D$1:$D$260000,MATCH(1, ('cumulative-co-emissions1850'!$C$1:$C$260000=2024)*('cumulative-co-emissions1850'!$B$1:$B$260000=Summary!$B64), 0)) - IFERROR(INDEX('cumulative-co-emissions1850'!$D$1:$D$260000,MATCH(1, ('cumulative-co-emissions1850'!$C$1:$C$260000=1850)*('cumulative-co-emissions1850'!$B$1:$B$260000=Summary!$B64), 0)), 0)} -> 3983639300 | N64: {=INDEX('cumulative-co-emissions1850'!$D$1:$D$260000,MATCH(1, ('cumulative-co-emissions1850'!$C$1:$C$260000=2024)*('cumulative-co-emissions1850'!$B$1:$B$260000=Summary!$B64), 0)) - IFERROR(INDEX('cumulative-co-emissions1850'!$D$1:$D$260000,MATCH(1, ('cumulative-co-emissions1850'!$C$1:$C$260000=1990)*('cumulative-co-emissions1850'!$B$1:$B$260000=Summary!$B64), 0)), 0)} -> 3081821800 | O64: 14023901 | P64: 382912.02 | Q64: 116000000 | R64: 161.25022 | S64: 3.3009657 | T64: 403000000000 | U64: 392000000000 | V64: 1060000000000 | W64: 3623.3333 | X64: 9530 | Y64: =VLOOKUP(B64,gain!$A$2:$AE$193, 31) -> 52.499869 | Z64: =IFERROR(VLOOKUP(B64,EIB!$B$2:$F$177, 2, FALSE), 0.1) -> 0.9 | AA64: =IFERROR(VLOOKUP(B64,EIB!$B$2:$F$177, 4, FALSE), 0.1) -> 0.7 | AB64: =VLOOKUP(B64,'UN Multilaterism Index'!$B$2:$C$194, 2,FALSE) -> 82.7
A65: Panama | B65: PAN | C65: Latin America and the Caribbean | D65: 0 | E65: 1 | F65: =IF(G65=1, 1, 0) -> 0 | G65: 0 | H65: 1 | I65: 1 | J65: 1 | K65: 1 | L65: 49.342628 | M65: {=INDEX('cumulative-co-emissions1850'!$D$1:$D$260000,MATCH(1, ('cumulative-co-emissions1850'!$C$1:$C$260000=2024)*('cumulative-co-emissions1850'!$B$1:$B$260000=Summary!$B65), 0)) - IFERROR(INDEX('cumulative-co-emissions1850'!$D$1:$D$260000,MATCH(1, ('cumulative-co-emissions1850'!$C$1:$C$260000=1850)*('cumulative-co-emissions1850'!$B$1:$B$260000=Summary!$B65), 0)), 0)} -> 360475550 | N65: {=INDEX('cumulative-co-emissions1850'!$D$1:$D$260000,MATCH(1, ('cumulative-co-emissions1850'!$C$1:$C$260000=2024)*('cumulative-co-emissions1850'!$B$1:$B$260000=Summary!$B65), 0)) - IFERROR(INDEX('cumulative-co-emissions1850'!$D$1:$D$260000,MATCH(1, ('cumulative-co-emissions1850'!$C$1:$C$260000=1990)*('cumulative-co-emissions1850'!$B$1:$B$260000=Summary!$B65), 0)), 0)} -> 260403530 | O65: 214725.91 | P65: -8550.5022 | Q65: 4410000 | R65: 159.11687 | S65: -1.9388894 | T65: 62800000000 | U65: 62800000000 | V65: 134000000000 | W65: 14733.333 | X65: 31325 | Y65: =VLOOKUP(B65,gain!$A$2:$AE$193, 31) -> 52.499869 | Z65: =IFERROR(VLOOKUP(B65,EIB!$B$2:$F$177, 2, FALSE), 0.1) -> 0.2 | AA65: =IFERROR(VLOOKUP(B65,EIB!$B$2:$F$177, 4, FALSE), 0.1) -> 0 | AB65: =VLOOKUP(B65,'UN Multilaterism Index'!$B$2:$C$194, 2,FALSE) -> 84.6
A66: Nigeria | B66: NGA | C66: Sub-Saharan Africa | D66: 0 | E66: 0 | F66: =IF(G66=1, 1, 0) -> 0 | G66: 0 | H66: 1 | I66: 0 | J66: 0 | K66: 0 | L66: 37.804874 | M66: {=INDEX('cumulative-co-emissions1850'!$D$1:$D$260000,MATCH(1, ('cumulative-co-emissions1850'!$C$1:$C$260000=2024)*('cumulative-co-emissions1850'!$B$1:$B$260000=Summary!$B66), 0)) - IFERROR(INDEX('cumulative-co-emissions1850'!$D$1:$D$260000,MATCH(1, ('cumulative-co-emissions1850'!$C$1:$C$260000=1850)*('cumulative-co-emissions1850'!$B$1:$B$260000=Summary!$B66), 0)), 0)} -> 4710829600 | N66: {=INDEX('cumulative-co-emissions1850'!$D$1:$D$260000,MATCH(1, ('cumulative-co-emissions1850'!$C$1:$C$260000=2024)*('cumulative-co-emissions1850'!$B$1:$B$260000=Summary!$B66), 0)) - IFERROR(INDEX('cumulative-co-emissions1850'!$D$1:$D$260000,MATCH(1, ('cumulative-co-emissions1850'!$C$1:$C$260000=1990)*('cumulative-co-emissions1850'!$B$1:$B$260000=Summary!$B66), 0)), 0)} -> 3414376000 | O66: 18312458 | P66: 695880.91 | Q66: 219000000 | R66: 95.01347 | S66: 3.1775384 | T66: 434000000000 | U66: 424000000000 | V66: 1080000000000 | W66: 2108.3333 | X66: 5230 | Y66: =VLOOKUP(B66,gain!$A$2:$AE$193, 31) -> 52.499869 | Z66: =IFERROR(VLOOKUP(B66,EIB!$B$2:$F$177, 2, FALSE), 0.1) -> 1.5 | AA66: =IFERROR(VLOOKUP(B66,EIB!$B$2:$F$177, 4, FALSE), 0.1) -> 1.4 | AB66: =VLOOKUP(B66,'UN Multilaterism Index'!$B$2:$C$194, 2,FALSE) -> 73.2
A67: Belarus | B67: BLR | C67: Eastern Europe | D67: 0 | E67: 1 | F67: 1 | G67: 0 | H67: 1 | I67: 1 | J67: 1 | K67: 0 | L67: 58.707117 | M67: {=INDEX('cumulative-co-emissions1850'!$D$1:$D$260000,MATCH(1, ('cumulative-co-emissions1850'!$C$1:$C$260000=2024)*('cumulative-co-emissions1850'!$B$1:$B$260000=Summary!$B67), 0)) - IFERROR(INDEX('cumulative-co-emissions1850'!$D$1:$D$260000,MATCH(1, ('cumulative-co-emissions1850'!$C$1:$C$260000=1850)*('cumulative-co-emissions1850'!$B$1:$B$260000=Summary!$B67), 0)), 0)} -> 5184225788 | N67: {=INDEX('cumulative-co-emissions1850'!$D$1:$D$260000,MATCH(1, ('cumulative-co-emissions1850'!$C$1:$C$260000=2024)*('cumulative-co-emissions1850'!$B$1:$B$260000=Summary!$B67), 0)) - IFERROR(INDEX('cumulative-co-emissions1850'!$D$1:$D$260000,MATCH(1, ('cumulative-co-emissions1850'!$C$1:$C$260000=1990)*('cumulative-co-emissions1850'!$B$1:$B$260000=Summary!$B67), 0)), 0)} -> 2134747700 | O67: 5588733.4 | P67: 51499.314 | Q67: 9230000 | R67: 1004.0619 | S67: 5.5795573 | T67: 59400000000 | U67: 54400000000 | V67: 185000000000 | W67: 6346.6667 | X67: 19705 | Y67: =VLOOKUP(B67,gain!$A$2:$AE$193, 31) -> 32.857544 | Z67: =IFERROR(VLOOKUP(B67,EIB!$B$2:$F$177, 2, FALSE), 0.1) -> 0.1 | AA67: =IFERROR(VLOOKUP(B67,EIB!$B$2:$F$177, 4, FALSE), 0.1) -> 0 | AB67: =VLOOKUP(B67,'UN Multilaterism Index'!$B$2:$C$194, 2,FALSE) -> 59.8
A68: Chile | B68: CHL | C68: Latin America and the Caribbean | D68: 1 | E68: 1 | F68: =IF(G68=1, 1, 0) -> 0 | G68: 0 | H68: 1 | I68: 1 | J68: 1 | K68: 1 | L68: 60.603174 | M68: {=INDEX('cumulative-co-emissions1850'!$D$1:$D$260000,MATCH(1, ('cumulative-co-emissions1850'!$C$1:$C$260000=2024)*('cumulative-co-emissions1850'!$B$1:$B$260000=Summary!$B68), 0)) - IFERROR(INDEX('cumulative-co-emissions1850'!$D$1:$D$260000,MATCH(1, ('cumulative-co-emissions1850'!$C$1:$C$260000=1850)*('cumulative-co-emissions1850'!$B$1:$B$260000=Summary!$B68), 0)), 0)} -> 3324416022 | N68: {=INDEX('cumulative-co-emissions1850'!$D$1:$D$260000,MATCH(1, ('cumulative-co-emissions1850'!$C$1:$C$260000=2024)*('cumulative-co-emissions1850'!$B$1:$B$260000=Summary!$B68), 0)) - IFERROR(INDEX('cumulative-co-emissions1850'!$D$1:$D$260000,MATCH(1, ('cumulative-co-emissions1850'!$C$1:$C$260000=1990)*('cumulative-co-emissions1850'!$B$1:$B$260000=Summary!$B68), 0)), 0)} -> 2232907900 | O68: 2432506.6 | P68: 78406.596 | Q68: 19600000 | R68: 201.05902 | S68: 4.0003365 | T68: 274000000000 | U68: 274000000000 | V68: 491000000000 | W68: 14325 | X68: 25673.333 | Y68: =VLOOKUP(B68,gain!$A$2:$AE$193, 31) -> 32.881356 | Z68: =IFERROR(VLOOKUP(B68,EIB!$B$2:$F$177, 2, FALSE), 0.1) -> 0.3 | AA68: =IFERROR(VLOOKUP(B68,EIB!$B$2:$F$177, 4, FALSE), 0.1) -> 0.1 | AB68: =VLOOKUP(B68,'UN Multilaterism Index'!$B$2:$C$194, 2,FALSE) -> 87.2
A69: Vietnam | B69: VNM | C69: South-eastern Asia | D69: 0 | E69: 0 | F69: =IF(G69=1, 1, 0) -> 0 | G69: 0 | H69: 1 | I69: 0 | J69: 1 | K69: 0 | L69: 47.135647 | M69: {=INDEX('cumulative-co-emissions1850'!$D$1:$D$260000,MATCH(1, ('cumulative-co-emissions1850'!$C$1:$C$260000=2024)*('cumulative-co-emissions1850'!$B$1:$B$260000=Summary!$B69), 0)) - IFERROR(INDEX('cumulative-co-emissions1850'!$D$1:$D$260000,MATCH(1, ('cumulative-co-emissions1850'!$C$1:$C$260000=1850)*('cumulative-co-emissions1850'!$B$1:$B$260000=Summary!$B69), 0)), 0)} -> 5668876300 | N69: {=INDEX('cumulative-co-emissions1850'!$D$1:$D$260000,MATCH(1, ('cumulative-co-emissions1850'!$C$1:$C$260000=2024)*('cumulative-co-emissions1850'!$B$1:$B$260000=Summary!$B69), 0)) - IFERROR(INDEX('cumulative-co-emissions1850'!$D$1:$D$260000,MATCH(1, ('cumulative-co-emissions1850'!$C$1:$C$260000=1990)*('cumulative-co-emissions1850'!$B$1:$B$260000=Summary!$B69), 0)), 0)} -> 4929512100 | O69: 11670819 | P69: 436688.32 | Q69: 98200000 | R69: 158.52889 | S69: 4.4469279 | T69: 324000000000 | U69: 308000000000 | V69: 1000000000000 | W69: 3361.6667 | X69: 10418.333 | Y69: =VLOOKUP(B69,gain!$A$2:$AE$193, 31) -> 46.007736 | Z69: =IFERROR(VLOOKUP(B69,EIB!$B$2:$F$177, 2, FALSE), 0.1) -> 1 | AA69: =IFERROR(VLOOKUP(B69,EIB!$B$2:$F$177, 4, FALSE), 0.1) -> 0.8 | AB69: =VLOOKUP(B69,'UN Multilaterism Index'!$B$2:$C$194, 2,FALSE) -> 80.1
A70: St. Kitts and Nevis | B70: KNA | C70: Latin America and the Caribbean | D70: 0 | E70: 1 | F70: =IF(G70=1, 1, 0) -> 0 | G70: 0 | H70: 0 | I70: 1 | J70: 1 | K70: 1 | L70: 54.886292 | M70: {=INDEX('cumulative-co-emissions1850'!$D$1:$D$260000,MATCH(1, ('cumulative-co-emissions1850'!$C$1:$C$260000=2024)*('cumulative-co-emissions1850'!$B$1:$B$260000=Summary!$B70), 0)) - IFERROR(INDEX('cumulative-co-emissions1850'!$D$1:$D$260000,MATCH(1, ('cumulative-co-emissions1850'!$C$1:$C$260000=1850)*('cumulative-co-emissions1850'!$B$1:$B$260000=Summary!$B70), 0)), 0)} -> 8034820 | N70: {=INDEX('cumulative-co-emissions1850'!$D$1:$D$260000,MATCH(1, ('cumulative-co-emissions1850'!$C$1:$C$260000=2024)*('cumulative-co-emissions1850'!$B$1:$B$260000=Summary!$B70), 0)) - IFERROR(INDEX('cumulative-co-emissions1850'!$D$1:$D$260000,MATCH(1, ('cumulative-co-emissions1850'!$C$1:$C$260000=1990)*('cumulative-co-emissions1850'!$B$1:$B$260000=Summary!$B70), 0)), 0)} -> 6725550 | O70: 13581.864 | P70: 280.32043 | Q70: 47700 | R70: 403.06938 | S70: 5.8767386 | T70: 975000000 | U70: 975000000 | V70: 1410000000 | W70: 20435 | X70: 29543.333 | Y70: =VLOOKUP(B70,gain!$A$2:$AE$193, 31) -> 42.815507 | Z70: =IFERROR(VLOOKUP(B70,EIB!$B$2:$F$177, 2, FALSE), 0.1) -> 2.4 | AA70: =IFERROR(VLOOKUP(B70,EIB!$B$2:$F$177, 4, FALSE), 0.1) -> 2.2 | AB70: =VLOOKUP(B70,'UN Multilaterism Index'!$B$2:$C$194, 2,FALSE) -> 71.6
A71: Seychelles | B71: SYC | C71: Sub-Saharan Africa | D71: 0 | E71: 1 | F71: =IF(G71=1, 1, 0) -> 0 | G71: 0 | H71: 0 | I71: 1 | J71: 1 | K71: 1 | L71: 50.258647 | M71: {=INDEX('cumulative-co-emissions1850'!$D$1:$D$260000,MATCH(1, ('cumulative-co-emissions1850'!$C$1:$C$260000=2024)*('cumulative-co-emissions1850'!$B$1:$B$260000=Summary!$B71), 0)) - IFERROR(INDEX('cumulative-co-emissions1850'!$D$1:$D$260000,MATCH(1, ('cumulative-co-emissions1850'!$C$1:$C$260000=1850)*('cumulative-co-emissions1850'!$B$1:$B$260000=Summary!$B71), 0)), 0)} -> 16113488 | N71: {=INDEX('cumulative-co-emissions1850'!$D$1:$D$260000,MATCH(1, ('cumulative-co-emissions1850'!$C$1:$C$260000=2024)*('cumulative-co-emissions1850'!$B$1:$B$260000=Summary!$B71), 0)) - IFERROR(INDEX('cumulative-co-emissions1850'!$D$1:$D$260000,MATCH(1, ('cumulative-co-emissions1850'!$C$1:$C$260000=1990)*('cumulative-co-emissions1850'!$B$1:$B$260000=Summary!$B71), 0)), 0)} -> 13856464 | O71: 17105.43 | P71: 728.93932 | Q71: 120000 | R71: 158.08535 | S71: 6.0744943 | T71: 1460000000 | U71: 1460000000 | V71: 2850000000 | W71: 14538.333 | X71: 28163.333 | Y71: =VLOOKUP(B71,gain!$A$2:$AE$193, 31) -> 72.893948 | Z71: =IFERROR(VLOOKUP(B71,EIB!$B$2:$F$177, 2, FALSE), 0.1) -> 0.9 | AA71: =IFERROR(VLOOKUP(B71,EIB!$B$2:$F$177, 4, FALSE), 0.1) -> 0.7 | AB71: =VLOOKUP(B71,'UN Multilaterism Index'!$B$2:$C$194, 2,FALSE) -> 78.2
A72: Trinidad and Tobago | B72: TTO | C72: Latin America and the Caribbean | D72: 0 | E72: 1 | F72: =IF(G72=1, 1, 0) -> 0 | G72: 0 | H72: 0 | I72: 1 | J72: 0 | K72: 1 | L72: 48.812478 | M72: {=INDEX('cumulative-co-emissions1850'!$D$1:$D$260000,MATCH(1, ('cumulative-co-emissions1850'!$C$1:$C$260000=2024)*('cumulative-co-emissions1850'!$B$1:$B$260000=Summary!$B72), 0)) - IFERROR(INDEX('cumulative-co-emissions1850'!$D$1:$D$260000,MATCH(1, ('cumulative-co-emissions1850'!$C$1:$C$260000=1850)*('cumulative-co-emissions1850'!$B$1:$B$260000=Summary!$B72), 0)), 0)} -> 1710968700 | N72: {=INDEX('cumulative-co-emissions1850'!$D$1:$D$260000,MATCH(1, ('cumulative-co-emissions1850'!$C$1:$C$260000=2024)*('cumulative-co-emissions1850'!$B$1:$B$260000=Summary!$B72), 0)) - IFERROR(INDEX('cumulative-co-emissions1850'!$D$1:$D$260000,MATCH(1, ('cumulative-co-emissions1850'!$C$1:$C$260000=1990)*('cumulative-co-emissions1850'!$B$1:$B$260000=Summary!$B72), 0)), 0)} -> 1142279800 | O72: 1677556.8 | P72: 46148.316 | Q72: 1530000 | R72: 1280.0229 | S72: 30.162298 | T72: 23100000000 | U72: 23100000000 | V72: 38700000000 | W72: 15253.333 | X72: 25568.333 | Y72: =VLOOKUP(B72,gain!$A$2:$AE$193, 31) -> 46.048783 | Z72: =IFERROR(VLOOKUP(B72,EIB!$B$2:$F$177, 2, FALSE), 0.1) -> 2.2 | AA72: =IFERROR(VLOOKUP(B72,EIB!$B$2:$F$177, 4, FALSE), 0.1) -> 2 | AB72: =VLOOKUP(B72,'UN Multilaterism Index'!$B$2:$C$194, 2,FALSE) -> 85.5
A73: Pakistan | B73: PAK | C73: Southern Asia | D73: 0 | E73: 0 | F73: =IF(G73=1, 1, 0) -> 0 | G73: 0 | H73: 1 | I73: 0 | J73: 0 | K73: 0 | L73: 38.582953 | M73: {=INDEX('cumulative-co-emissions1850'!$D$1:$D$260000,MATCH(1, ('cumulative-co-emissions1850'!$C$1:$C$260000=2024)*('cumulative-co-emissions1850'!$B$1:$B$260000=Summary!$B73), 0)) - IFERROR(INDEX('cumulative-co-emissions1850'!$D$1:$D$260000,MATCH(1, ('cumulative-co-emissions1850'!$C$1:$C$260000=1850)*('cumulative-co-emissions1850'!$B$1:$B$260000=Summary!$B73), 0)), 0)} -> 5739839000 | N73: {=INDEX('cumulative-co-emissions1850'!$D$1:$D$260000,MATCH(1, ('cumulative-co-emissions1850'!$C$1:$C$260000=2024)*('cumulative-co-emissions1850'!$B$1:$B$260000=Summary!$B73), 0)) - IFERROR(INDEX('cumulative-co-emissions1850'!$D$1:$D$260000,MATCH(1, ('cumulative-co-emissions1850'!$C$1:$C$260000=1990)*('cumulative-co-emissions1850'!$B$1:$B$260000=Summary!$B73), 0)), 0)} -> 4750086700 | O73: 14815686 | P73: 524332.02 | Q73: 236000000 | R73: 76.004567 | S73: 2.2217458 | T73: 343000000000 | U73: 329000000000 | V73: 1220000000000 | W73: 1520 | X73: 5401.6667 | Y73: =VLOOKUP(B73,gain!$A$2:$AE$193, 31) -> 52.499869 | Z73: =IFERROR(VLOOKUP(B73,EIB!$B$2:$F$177, 2, FALSE), 0.1) -> 1.6 | AA73: =IFERROR(VLOOKUP(B73,EIB!$B$2:$F$177, 4, FALSE), 0.1) -> 1.5 | AB73: =VLOOKUP(B73,'UN Multilaterism Index'!$B$2:$C$194, 2,FALSE) -> 58.4
A74: Egypt, Arab Rep. | B74: EGY | C74: Northern Africa | D74: 0 | E74: 0 | F74: =IF(G74=1, 1, 0) -> 0 | G74: 0 | H74: 1 | I74: 0 | J74: 0 | K74: 0 | L74: 46.113842 | M74: {=INDEX('cumulative-co-emissions1850'!$D$1:$D$260000,MATCH(1, ('cumulative-co-emissions1850'!$C$1:$C$260000=2024)*('cumulative-co-emissions1850'!$B$1:$B$260000=Summary!$B74), 0)) - IFERROR(INDEX('cumulative-co-emissions1850'!$D$1:$D$260000,MATCH(1, ('cumulative-co-emissions1850'!$C$1:$C$260000=1850)*('cumulative-co-emissions1850'!$B$1:$B$260000=Summary!$B74), 0)), 0)} -> 7471490000 | N74: {=INDEX('cumulative-co-emissions1850'!$D$1:$D$260000,MATCH(1, ('cumulative-co-emissions1850'!$C$1:$C$260000=2024)*('cumulative-co-emissions1850'!$B$1:$B$260000=Summary!$B74), 0)) - IFERROR(INDEX('cumulative-co-emissions1850'!$D$1:$D$260000,MATCH(1, ('cumulative-co-emissions1850'!$C$1:$C$260000=1990)*('cumulative-co-emissions1850'!$B$1:$B$260000=Summary!$B74), 0)), 0)} -> 6078488900 | O74: 10409013 | P74: 381017.33 | Q74: 111000000 | R74: 110.23349 | S74: 3.4325886 | T74: 339000000000 | U74: 323000000000 | V74: 1320000000000 | W74: 3170 | X74: 12325 | Y74: =VLOOKUP(B74,gain!$A$2:$AE$193, 31) -> 44.869931 | Z74: =IFERROR(VLOOKUP(B74,EIB!$B$2:$F$177, 2, FALSE), 0.1) -> 1.1 | AA74: =IFERROR(VLOOKUP(B74,EIB!$B$2:$F$177, 4, FALSE), 0.1) -> 1 | AB74: =VLOOKUP(B74,'UN Multilaterism Index'!$B$2:$C$194, 2,FALSE) -> 68.1
A75: Peru | B75: PER | C75: Latin America and the Caribbean | D75: 0 | E75: 1 | F75: =IF(G75=1, 1, 0) -> 0 | G75: 0 | H75: 1 | I75: 0 | J75: 1 | K75: 0 | L75: 48.909928 | M75: {=INDEX('cumulative-co-emissions1850'!$D$1:$D$260000,MATCH(1, ('cumulative-co-emissions1850'!$C$1:$C$260000=2024)*('cumulative-co-emissions1850'!$B$1:$B$260000=Summary!$B75), 0)) - IFERROR(INDEX('cumulative-co-emissions1850'!$D$1:$D$260000,MATCH(1, ('cumulative-co-emissions1850'!$C$1:$C$260000=1850)*('cumulative-co-emissions1850'!$B$1:$B$260000=Summary!$B75), 0)), 0)} -> 2161822500 | N75: {=INDEX('cumulative-co-emissions1850'!$D$1:$D$260000,MATCH(1, ('cumulative-co-emissions1850'!$C$1:$C$260000=2024)*('cumulative-co-emissions1850'!$B$1:$B$260000=Summary!$B75), 0)) - IFERROR(INDEX('cumulative-co-emissions1850'!$D$1:$D$260000,MATCH(1, ('cumulative-co-emissions1850'!$C$1:$C$260000=1990)*('cumulative-co-emissions1850'!$B$1:$B$260000=Summary!$B75), 0)), 0)} -> 1328222400 | O75: 8763212.9 | P75: 209811.98 | Q75: 34000000 | R75: 353.82296 | S75: 6.1709406 | T75: 211000000000 | U75: 202000000000 | V75: 414000000000 | W75: 6398.3333 | X75: 12548.333 | Y75: =VLOOKUP(B75,gain!$A$2:$AE$193, 31) -> 52.499869 | Z75: =IFERROR(VLOOKUP(B75,EIB!$B$2:$F$177, 2, FALSE), 0.1) -> 0.3 | AA75: =IFERROR(VLOOKUP(B75,EIB!$B$2:$F$177, 4, FALSE), 0.1) -> 0.1 | AB75: =VLOOKUP(B75,'UN Multilaterism Index'!$B$2:$C$194, 2,FALSE) -> 83.9
A76: Serbia | B76: SRB | C76: Southern Europe | D76: 0 | E76: 1 | F76: =IF(G76=1, 1, 0) -> 0 | G76: 0 | H76: 1 | I76: 1 | J76: 1 | K76: 0 | L76: 51.625434 | M76: {=INDEX('cumulative-co-emissions1850'!$D$1:$D$260000,MATCH(1, ('cumulative-co-emissions1850'!$C$1:$C$260000=2024)*('cumulative-co-emissions1850'!$B$1:$B$260000=Summary!$B76), 0)) - IFERROR(INDEX('cumulative-co-emissions1850'!$D$1:$D$260000,MATCH(1, ('cumulative-co-emissions1850'!$C$1:$C$260000=1850)*('cumulative-co-emissions1850'!$B$1:$B$260000=Summary!$B76), 0)), 0)} -> 2924890600 | N76: {=INDEX('cumulative-co-emissions1850'!$D$1:$D$260000,MATCH(1, ('cumulative-co-emissions1850'!$C$1:$C$260000=2024)*('cumulative-co-emissions1850'!$B$1:$B$260000=Summary!$B76), 0)) - IFERROR(INDEX('cumulative-co-emissions1850'!$D$1:$D$260000,MATCH(1, ('cumulative-co-emissions1850'!$C$1:$C$260000=1990)*('cumulative-co-emissions1850'!$B$1:$B$260000=Summary!$B76), 0)), 0)} -> 1525817300 | O76: 3953926.7 | P76: 58964.152 | Q76: 6660000 | R76: 913.69662 | S76: 8.8534763 | T76: 50600000000 | U76: 46100000000 | V76: 133000000000 | W76: 7370 | X76: 19323.333 | Y76: =VLOOKUP(B76,gain!$A$2:$AE$193, 31) -> 48.774832 | Z76: =IFERROR(VLOOKUP(B76,EIB!$B$2:$F$177, 2, FALSE), 0.1) -> 0.4 | AA76: =IFERROR(VLOOKUP(B76,EIB!$B$2:$F$177, 4, FALSE), 0.1) -> 0.2 | AB76: =VLOOKUP(B76,'UN Multilaterism Index'!$B$2:$C$194, 2,FALSE) -> 63.7
A77: Uruguay | B77: URY | C77: Latin America and the Caribbean | D77: 0 | E77: 1 | F77: =IF(G77=1, 1, 0) -> 0 | G77: 0 | H77: 1 | I77: 1 | J77: 1 | K77: 1 | L77: 56.344243 | M77: {=INDEX('cumulative-co-emissions1850'!$D$1:$D$260000,MATCH(1, ('cumulative-co-emissions1850'!$C$1:$C$260000=2024)*('cumulative-co-emissions1850'!$B$1:$B$260000=Summary!$B77), 0)) - IFERROR(INDEX('cumulative-co-emissions1850'!$D$1:$D$260000,MATCH(1, ('cumulative-co-emissions1850'!$C$1:$C$260000=1850)*('cumulative-co-emissions1850'!$B$1:$B$260000=Summary!$B77), 0)), 0)} -> 476756500 | N77: {=INDEX('cumulative-co-emissions1850'!$D$1:$D$260000,MATCH(1, ('cumulative-co-emissions1850'!$C$1:$C$260000=2024)*('cumulative-co-emissions1850'!$B$1:$B$260000=Summary!$B77), 0)) - IFERROR(INDEX('cumulative-co-emissions1850'!$D$1:$D$260000,MATCH(1, ('cumulative-co-emissions1850'!$C$1:$C$260000=1990)*('cumulative-co-emissions1850'!$B$1:$B$260000=Summary!$B77), 0)), 0)} -> 212114210 | O77: 1710969.5 | P77: 25044.442 | Q77: 3420000 | R77: 753.12862 | S77: 7.3229363 | T77: 58500000000 | U77: 58500000000 | V77: 79600000000 | W77: 17083.333 | X77: 23248.333 | Y77: =VLOOKUP(B77,gain!$A$2:$AE$193, 31) -> 69.853875 | Z77: =IFERROR(VLOOKUP(B77,EIB!$B$2:$F$177, 2, FALSE), 0.1) -> 0.4 | AA77: =IFERROR(VLOOKUP(B77,EIB!$B$2:$F$177, 4, FALSE), 0.1) -> 0.2 | AB77: =VLOOKUP(B77,'UN Multilaterism Index'!$B$2:$C$194, 2,FALSE) -> 90.7
A78: Mauritius | B78: MUS | C78: Sub-Saharan Africa | D78: 0 | E78: 1 | F78: =IF(G78=1, 1, 0) -> 0 | G78: 0 | H78: 0 | I78: 0 | J78: 1 | K78: 0 | L78: 56.318544 | M78: {=INDEX('cumulative-co-emissions1850'!$D$1:$D$260000,MATCH(1, ('cumulative-co-emissions1850'!$C$1:$C$260000=2024)*('cumulative-co-emissions1850'!$B$1:$B$260000=Summary!$B78), 0)) - IFERROR(INDEX('cumulative-co-emissions1850'!$D$1:$D$260000,MATCH(1, ('cumulative-co-emissions1850'!$C$1:$C$260000=1850)*('cumulative-co-emissions1850'!$B$1:$B$260000=Summary!$B78), 0)), 0)} -> 133211240 | N78: {=INDEX('cumulative-co-emissions1850'!$D$1:$D$260000,MATCH(1, ('cumulative-co-emissions1850'!$C$1:$C$260000=2024)*('cumulative-co-emissions1850'!$B$1:$B$260000=Summary!$B78), 0)) - IFERROR(INDEX('cumulative-co-emissions1850'!$D$1:$D$260000,MATCH(1, ('cumulative-co-emissions1850'!$C$1:$C$260000=1990)*('cumulative-co-emissions1850'!$B$1:$B$260000=Summary!$B78), 0)), 0)} -> 113143512 | O78: 149033.67 | P78: 5572.6378 | Q78: 1260000 | R78: 137.80063 | S78: 4.4227284 | T78: 13900000000 | U78: 12200000000 | V78: 30900000000 | W78: 10961.667 | X78: 24411.667 | Y78: =VLOOKUP(B78,gain!$A$2:$AE$193, 31) -> 52.499869 | Z78: =IFERROR(VLOOKUP(B78,EIB!$B$2:$F$177, 2, FALSE), 0.1) -> 1 | AA78: =IFERROR(VLOOKUP(B78,EIB!$B$2:$F$177, 4, FALSE), 0.1) -> 0.7 | AB78: =VLOOKUP(B78,'UN Multilaterism Index'!$B$2:$C$194, 2,FALSE) -> 89.7
A79: Montenegro | B79: MNE | C79: Southern Europe | D79: 0 | E79: 1 | F79: =IF(G79=1, 1, 0) -> 0 | G79: 0 | H79: 1 | I79: 1 | J79: 1 | K79: 0 | L79: 54.865908 | M79: {=INDEX('cumulative-co-emissions1850'!$D$1:$D$260000,MATCH(1, ('cumulative-co-emissions1850'!$C$1:$C$260000=2024)*('cumulative-co-emissions1850'!$B$1:$B$260000=Summary!$B79), 0)) - IFERROR(INDEX('cumulative-co-emissions1850'!$D$1:$D$260000,MATCH(1, ('cumulative-co-emissions1850'!$C$1:$C$260000=1850)*('cumulative-co-emissions1850'!$B$1:$B$260000=Summary!$B79), 0)), 0)} -> 122139770 | N79: {=INDEX('cumulative-co-emissions1850'!$D$1:$D$260000,MATCH(1, ('cumulative-co-emissions1850'!$C$1:$C$260000=2024)*('cumulative-co-emissions1850'!$B$1:$B$260000=Summary!$B79), 0)) - IFERROR(INDEX('cumulative-co-emissions1850'!$D$1:$D$260000,MATCH(1, ('cumulative-co-emissions1850'!$C$1:$C$260000=1990)*('cumulative-co-emissions1850'!$B$1:$B$260000=Summary!$B79), 0)), 0)} -> 68329566 | O79: 271448.89 | P79: 1077.323 | Q79: 617000 | R79: 786.14153 | S79: 1.7460665 | T79: 5450000000 | U79: 4420000000 | V79: 14600000000 | W79: 8791.6667 | X79: 23586.667 | Y79: =VLOOKUP(B79,gain!$A$2:$AE$193, 31) -> 52.499869 | Z79: =IFERROR(VLOOKUP(B79,EIB!$B$2:$F$177, 2, FALSE), 0.1) -> 0.2 | AA79: =IFERROR(VLOOKUP(B79,EIB!$B$2:$F$177, 4, FALSE), 0.1) -> 0 | AB79: =VLOOKUP(B79,'UN Multilaterism Index'!$B$2:$C$194, 2,FALSE) -> 77.7
... A108: Cote d'Ivoire | B108: CIV | C108: Sub-Saharan Africa | D108: 0 | E108: 0 | F108: =IF(G108=1, 1, 0) -> 0 | G108: 0 | H108: 1 | I108: 0 | J108: 0 | K108: 0 | L108: 40.512331 | M108: {=INDEX('cumulative-co-emissions1850'!$D$1:$D$260000,MATCH(1, ('cumulative-co-emissions1850'!$C$1:$C$260000=2024)*('cumulative-co-emissions1850'!$B$1:$B$260000=Summary!$B108), 0)) - IFERROR(INDEX('cumulative-co-emissions1850'!$D$1:$D$260000,MATCH(1, ('cumulative-co-emissions1850'!$C$1:$C$260000=1850)*('cumulative-co-emissions1850'!$B$1:$B$260000=Summary!$B108), 0)), 0)} -> 400110940 | N108: {=INDEX('cumulative-co-emissions1850'!$D$1:$D$260000,MATCH(1, ('cumulative-co-emissions1850'!$C$1:$C$260000=2024)*('cumulative-co-emissions1850'!$B$1:$B$260000=Summary!$B108), 0)) - IFERROR(INDEX('cumulative-co-emissions1850'!$D$1:$D$260000,MATCH(1, ('cumulative-co-emissions1850'!$C$1:$C$260000=1990)*('cumulative-co-emissions1850'!$B$1:$B$260000=Summary!$B108), 0)), 0)} -> 282516690 | O108: 5909118.3 | P108: 129508.63 | Q108: 28200000 | R108: 279.28093 | S108: 4.5925046 | T108: 61300000000 | U108: 58500000000 | V108: 142000000000 | W108: 2305 | X108: 5341.6667 | Y108: =VLOOKUP(B108,gain!$A$2:$AE$193, 31) -> 40.2543 | Z108: =IFERROR(VLOOKUP(B108,EIB!$B$2:$F$177, 2, FALSE), 0.1) -> 1 | AA108: =IFERROR(VLOOKUP(B108,EIB!$B$2:$F$177, 4, FALSE), 0.1) -> 0.9 | AB108: =VLOOKUP(B108,'UN Multilaterism Index'!$B$2:$C$194, 2,FALSE) -> 81.2
A109: St. Vincent and the Grenadines | B109: VCT | C109: Latin America and the Caribbean | D109: 0 | E109: 1 | F109: =IF(G109=1, 1, 0) -> 0 | G109: 0 | H109: 0 | I109: 0 | J109: 0 | K109: 0 | M109: {=INDEX('cumulative-co-emissions1850'!$D$1:$D$260000,MATCH(1, ('cumulative-co-emissions1850'!$C$1:$C$260000=2024)*('cumulative-co-emissions1850'!$B$1:$B$260000=Summary!$B109), 0)) - IFERROR(INDEX('cumulative-co-emissions1850'!$D$1:$D$260000,MATCH(1, ('cumulative-co-emissions1850'!$C$1:$C$260000=1850)*('cumulative-co-emissions1850'!$B$1:$B$260000=Summary!$B109), 0)), 0)} -> 7966634 | N109: {=INDEX('cumulative-co-emissions1850'!$D$1:$D$260000,MATCH(1, ('cumulative-co-emissions1850'!$C$1:$C$260000=2024)*('cumulative-co-emissions1850'!$B$1:$B$260000=Summary!$B109), 0)) - IFERROR(INDEX('cumulative-co-emissions1850'!$D$1:$D$260000,MATCH(1, ('cumulative-co-emissions1850'!$C$1:$C$260000=1990)*('cumulative-co-emissions1850'!$B$1:$B$260000=Summary!$B109), 0)), 0)} -> 6728202 | O109: 10750.162 | P109: 331.74355 | Q109: 104000 | R109: 133.95051 | S109: 3.1898418 | T109: 885000000 | U109: 832000000 | V109: 1550000000 | W109: 8445 | X109: 14795 | Y109: =VLOOKUP(B109,gain!$A$2:$AE$193, 31) -> 51.116221 | Z109: =IFERROR(VLOOKUP(B109,EIB!$B$2:$F$177, 2, FALSE), 0.1) -> 2.2 | AA109: =IFERROR(VLOOKUP(B109,EIB!$B$2:$F$177, 4, FALSE), 0.1) -> 2 | AB109: =VLOOKUP(B109,'UN Multilaterism Index'!$B$2:$C$194, 2,FALSE) -> 85.4
A110: Morocco | B110: MAR | C110: Northern Africa | D110: 0 | E110: 0 | F110: =IF(G110=1, 1, 0) -> 0 | G110: 0 | H110: 1 | I110: 0 | J110: 1 | K110: 0 | L110: 52.055573 | M110: {=INDEX('cumulative-co-emissions1850'!$D$1:$D$260000,MATCH(1, ('cumulative-co-emissions1850'!$C$1:$C$260000=2024)*('cumulative-co-emissions1850'!$B$1:$B$260000=Summary!$B110), 0)) - IFERROR(INDEX('cumulative-co-emissions1850'!$D$1:$D$260000,MATCH(1, ('cumulative-co-emissions1850'!$C$1:$C$260000=1850)*('cumulative-co-emissions1850'!$B$1:$B$260000=Summary!$B110), 0)), 0)} -> 2015669000 | N110: {=INDEX('cumulative-co-emissions1850'!$D$1:$D$260000,MATCH(1, ('cumulative-co-emissions1850'!$C$1:$C$260000=2024)*('cumulative-co-emissions1850'!$B$1:$B$260000=Summary!$B110), 0)) - IFERROR(INDEX('cumulative-co-emissions1850'!$D$1:$D$260000,MATCH(1, ('cumulative-co-emissions1850'!$C$1:$C$260000=1990)*('cumulative-co-emissions1850'!$B$1:$B$260000=Summary!$B110), 0)), 0)} -> 1614328200 | O110: 3685445.4 | P110: 99774.652 | Q110: 37500000 | R110: 133.64349 | S110: 2.6606574 | T110: 127000000000 | U110: 120000000000 | V110: 312000000000 | W110: 3431.6667 | X110: 8410 | Y110: =VLOOKUP(B110,gain!$A$2:$AE$193, 31) -> 52.499869 | Z110: =IFERROR(VLOOKUP(B110,EIB!$B$2:$F$177, 2, FALSE), 0.1) -> 1 | AA110: =IFERROR(VLOOKUP(B110,EIB!$B$2:$F$177, 4, FALSE), 0.1) -> 0.8 | AB110: =VLOOKUP(B110,'UN Multilaterism Index'!$B$2:$C$194, 2,FALSE) -> 77.6
A111: Mongolia | B111: MNG | C111: Eastern Asia | D111: 0 | E111: 0 | F111: =IF(G111=1, 1, 0) -> 0 | G111: 0 | H111: 1 | I111: 0 | J111: 1 | K111: 0 | L111: 54.187762 | M111: {=INDEX('cumulative-co-emissions1850'!$D$1:$D$260000,MATCH(1, ('cumulative-co-emissions1850'!$C$1:$C$260000=2024)*('cumulative-co-emissions1850'!$B$1:$B$260000=Summary!$B111), 0)) - IFERROR(INDEX('cumulative-co-emissions1850'!$D$1:$D$260000,MATCH(1, ('cumulative-co-emissions1850'!$C$1:$C$260000=1850)*('cumulative-co-emissions1850'!$B$1:$B$260000=Summary!$B111), 0)), 0)} -> 861451650 | N111: {=INDEX('cumulative-co-emissions1850'!$D$1:$D$260000,MATCH(1, ('cumulative-co-emissions1850'!$C$1:$C$260000=2024)*('cumulative-co-emissions1850'!$B$1:$B$260000=Summary!$B111), 0)) - IFERROR(INDEX('cumulative-co-emissions1850'!$D$1:$D$260000,MATCH(1, ('cumulative-co-emissions1850'!$C$1:$C$260000=1990)*('cumulative-co-emissions1850'!$B$1:$B$260000=Summary!$B111), 0)), 0)} -> 699526100 | O111: 1490600.3 | P111: 32420.666 | Q111: 3400000 | R111: 806.84777 | S111: 9.53549 | T111: 12200000000 | U111: 8280000000 | V111: 36600000000 | W111: 3750 | X111: 11208.333 | Y111: =VLOOKUP(B111,gain!$A$2:$AE$193, 31) -> 52.499869 | Z111: =IFERROR(VLOOKUP(B111,EIB!$B$2:$F$177, 2, FALSE), 0.1) -> 0.6 | AA111: =IFERROR(VLOOKUP(B111,EIB!$B$2:$F$177, 4, FALSE), 0.1) -> 0.4 | AB111: =VLOOKUP(B111,'UN Multilaterism Index'!$B$2:$C$194, 2,FALSE) -> 86.3
A112: St. Lucia | B112: LCA | C112: Latin America and the Caribbean | D112: 0 | E112: 1 | F112: =IF(G112=1, 1, 0) -> 0 | G112: 0 | H112: 0 | I112: 0 | J112: 1 | K112: 0 | L112: 53.579951 | M112: {=INDEX('cumulative-co-emissions1850'!$D$1:$D$260000,MATCH(1, ('cumulative-co-emissions1850'!$C$1:$C$260000=2024)*('cumulative-co-emissions1850'!$B$1:$B$260000=Summary!$B112), 0)) - IFERROR(INDEX('cumulative-co-emissions1850'!$D$1:$D$260000,MATCH(1, ('cumulative-co-emissions1850'!$C$1:$C$260000=1850)*('cumulative-co-emissions1850'!$B$1:$B$260000=Summary!$B112), 0)), 0)} -> 16455217 | N112: {=INDEX('cumulative-co-emissions1850'!$D$1:$D$260000,MATCH(1, ('cumulative-co-emissions1850'!$C$1:$C$260000=2024)*('cumulative-co-emissions1850'!$B$1:$B$260000=Summary!$B112), 0)) - IFERROR(INDEX('cumulative-co-emissions1850'!$D$1:$D$260000,MATCH(1, ('cumulative-co-emissions1850'!$C$1:$C$260000=1990)*('cumulative-co-emissions1850'!$B$1:$B$260000=Summary!$B112), 0)), 0)} -> 13776833 | O112: 15433.786 | P112: 431.5045 | Q112: 180000 | R112: 99.92383 | S112: 2.3972472 | T112: 1900000000 | U112: 1800000000 | V112: 2610000000 | W112: 10608.333 | X112: 14625 | Y112: =VLOOKUP(B112,gain!$A$2:$AE$193, 31) -> 39.279958 | Z112: =IFERROR(VLOOKUP(B112,EIB!$B$2:$F$177, 2, FALSE), 0.1) -> 2.1 | AA112: =IFERROR(VLOOKUP(B112,EIB!$B$2:$F$177, 4, FALSE), 0.1) -> 1.9 | AB112: =VLOOKUP(B112,'UN Multilaterism Index'!$B$2:$C$194, 2,FALSE) -> 82.5
A113: Jordan | B113: JOR | C113: Western Asia | D113: 0 | E113: 0 | F113: =IF(G113=1, 1, 0) -> 0 | G113: 0 | H113: 1 | I113: 0 | J113: 1 | K113: 0 | L113: 51.685778 | M113: {=INDEX('cumulative-co-emissions1850'!$D$1:$D$260000,MATCH(1, ('cumulative-co-emissions1850'!$C$1:$C$260000=2024)*('cumulative-co-emissions1850'!$B$1:$B$260000=Summary!$B113), 0)) - IFERROR(INDEX('cumulative-co-emissions1850'!$D$1:$D$260000,MATCH(1, ('cumulative-co-emissions1850'!$C$1:$C$260000=1850)*('cumulative-co-emissions1850'!$B$1:$B$260000=Summary!$B113), 0)), 0)} -> 793394300 | N113: {=INDEX('cumulative-co-emissions1850'!$D$1:$D$260000,MATCH(1, ('cumulative-co-emissions1850'!$C$1:$C$260000=2024)*('cumulative-co-emissions1850'!$B$1:$B$260000=Summary!$B113), 0)) - IFERROR(INDEX('cumulative-co-emissions1850'!$D$1:$D$260000,MATCH(1, ('cumulative-co-emissions1850'!$C$1:$C$260000=1990)*('cumulative-co-emissions1850'!$B$1:$B$260000=Summary!$B113), 0)), 0)} -> 662490680 | O113: 2038577.2 | P113: 33848.143 | Q113: 11300000 | R113: 284.70084 | S113: 2.9954109 | T113: 44600000000 | U113: 40100000000 | V113: 109000000000 | W113: 4133.3333 | X113: 10066.667 | Y113: =VLOOKUP(B113,gain!$A$2:$AE$193, 31) -> 47.42283 | Z113: =IFERROR(VLOOKUP(B113,EIB!$B$2:$F$177, 2, FALSE), 0.1) -> 0.8 | AA113: =IFERROR(VLOOKUP(B113,EIB!$B$2:$F$177, 4, FALSE), 0.1) -> 0.6 | AB113: =VLOOKUP(B113,'UN Multilaterism Index'!$B$2:$C$194, 2,FALSE) -> 80.2
A114: Grenada | B114: GRD | C114: Latin America and the Caribbean | D114: 0 | E114: 1 | F114: =IF(G114=1, 1, 0) -> 0 | G114: 0 | H114: 0 | I114: 0 | J114: 1 | K114: 0 | L114: 54.237019 | M114: {=INDEX('cumulative-co-emissions1850'!$D$1:$D$260000,MATCH(1, ('cumulative-co-emissions1850'!$C$1:$C$260000=2024)*('cumulative-co-emissions1850'!$B$1:$B$260000=Summary!$B114), 0)) - IFERROR(INDEX('cumulative-co-emissions1850'!$D$1:$D$260000,MATCH(1, ('cumulative-co-emissions1850'!$C$1:$C$260000=1850)*('cumulative-co-emissions1850'!$B$1:$B$260000=Summary!$B114), 0)), 0)} -> 9648769 | N114: {=INDEX('cumulative-co-emissions1850'!$D$1:$D$260000,MATCH(1, ('cumulative-co-emissions1850'!$C$1:$C$260000=2024)*('cumulative-co-emissions1850'!$B$1:$B$260000=Summary!$B114), 0)) - IFERROR(INDEX('cumulative-co-emissions1850'!$D$1:$D$260000,MATCH(1, ('cumulative-co-emissions1850'!$C$1:$C$260000=1990)*('cumulative-co-emissions1850'!$B$1:$B$260000=Summary!$B114), 0)), 0)} -> 7988977 | O114: 13896.358 | P114: 534.41597 | Q114: 125000 | R114: 133.8454 | S114: 4.2753278 | T114: 1050000000 | U114: 970000000 | V114: 1730000000 | W114: 8500 | X114: 14066.667 | Y114: =VLOOKUP(B114,gain!$A$2:$AE$193, 31) -> 30.962446 | Z114: =IFERROR(VLOOKUP(B114,EIB!$B$2:$F$177, 2, FALSE), 0.1) -> 9.4 | AA114: =IFERROR(VLOOKUP(B114,EIB!$B$2:$F$177, 4, FALSE), 0.1) -> 9.3 | AB114: =VLOOKUP(B114,'UN Multilaterism Index'!$B$2:$C$194, 2,FALSE) -> 73.5
A115: Cambodia | B115: KHM | C115: South-eastern Asia | D115: 0 | E115: 0 | F115: =IF(G115=1, 1, 0) -> 0 | G115: 0 | H115: 0 | I115: 0 | J115: 0 | K115: 0 | L115: 39.972786 | M115: {=INDEX('cumulative-co-emissions1850'!$D$1:$D$260000,MATCH(1, ('cumulative-co-emissions1850'!$C$1:$C$260000=2024)*('cumulative-co-emissions1850'!$B$1:$B$260000=Summary!$B115), 0)) - IFERROR(INDEX('cumulative-co-emissions1850'!$D$1:$D$260000,MATCH(1, ('cumulative-co-emissions1850'!$C$1:$C$260000=1850)*('cumulative-co-emissions1850'!$B$1:$B$260000=Summary!$B115), 0)), 0)} -> 251610180 | N115: {=INDEX('cumulative-co-emissions1850'!$D$1:$D$260000,MATCH(1, ('cumulative-co-emissions1850'!$C$1:$C$260000=2024)*('cumulative-co-emissions1850'!$B$1:$B$260000=Summary!$B115), 0)) - IFERROR(INDEX('cumulative-co-emissions1850'!$D$1:$D$260000,MATCH(1, ('cumulative-co-emissions1850'!$C$1:$C$260000=1990)*('cumulative-co-emissions1850'!$B$1:$B$260000=Summary!$B115), 0)), 0)} -> 239299181 | O115: 5419029.7 | P115: 175844.35 | Q115: 16800000 | R115: 447.31892 | S115: 10.466926 | T115: 24600000000 | U115: 22500000000 | V115: 71300000000 | W115: 1506.6667 | X115: 4366.6667 | Y115: =VLOOKUP(B115,gain!$A$2:$AE$193, 31) -> 38.015319 | Z115: =IFERROR(VLOOKUP(B115,EIB!$B$2:$F$177, 2, FALSE), 0.1) -> 1.1 | AA115: =IFERROR(VLOOKUP(B115,EIB!$B$2:$F$177, 4, FALSE), 0.1) -> 0.9 | AB115: =VLOOKUP(B115,'UN Multilaterism Index'!$B$2:$C$194, 2,FALSE) -> 77.1
A116: Equatorial Guinea | B116: GNQ | C116: Sub-Saharan Africa | D116: 0 | E116: 1 | F116: =IF(G116=1, 1, 0) -> 0 | G116: 0 | H116: 1 | I116: 0 | J116: 0 | K116: 0 | L116: 41.501261 | M116: {=INDEX('cumulative-co-emissions1850'!$D$1:$D$260000,MATCH(1, ('cumulative-co-emissions1850'!$C$1:$C$260000=2024)*('cumulative-co-emissions1850'!$B$1:$B$260000=Summary!$B116), 0)) - IFERROR(INDEX('cumulative-co-emissions1850'!$D$1:$D$260000,MATCH(1, ('cumulative-co-emissions1850'!$C$1:$C$260000=1850)*('cumulative-co-emissions1850'!$B$1:$B$260000=Summary!$B116), 0)), 0)} -> 163383550 | N116: {=INDEX('cumulative-co-emissions1850'!$D$1:$D$260000,MATCH(1, ('cumulative-co-emissions1850'!$C$1:$C$260000=2024)*('cumulative-co-emissions1850'!$B$1:$B$260000=Summary!$B116), 0)) - IFERROR(INDEX('cumulative-co-emissions1850'!$D$1:$D$260000,MATCH(1, ('cumulative-co-emissions1850'!$C$1:$C$260000=1990)*('cumulative-co-emissions1850'!$B$1:$B$260000=Summary!$B116), 0)), 0)} -> 161372014 | O116: 459726.04 | P116: 13199.962 | Q116: 1670000 | R116: 290.97146 | S116: 7.9041689 | T116: 8510000000 | U116: 8510000000 | V116: 20300000000 | W116: 5436.6667 | X116: 12970 | Y116: =VLOOKUP(B116,gain!$A$2:$AE$193, 31) -> 43.67038 | Z116: =IFERROR(VLOOKUP(B116,EIB!$B$2:$F$177, 2, FALSE), 0.1) -> 0.7 | AA116: =IFERROR(VLOOKUP(B116,EIB!$B$2:$F$177, 4, FALSE), 0.1) -> 0.6 | AB116: =VLOOKUP(B116,'UN Multilaterism Index'!$B$2:$C$194, 2,FALSE) -> 50
A117: Tunisia | B117: TUN | C117: Northern Africa | D117: 0 | E117: 0 | F117: =IF(G117=1, 1, 0) -> 0 | G117: 0 | H117: 1 | I117: 0 | J117: 1 | K117: 0 | L117: 52.515144 | M117: {=INDEX('cumulative-co-emissions1850'!$D$1:$D$260000,MATCH(1, ('cumulative-co-emissions1850'!$C$1:$C$260000=2024)*('cumulative-co-emissions1850'!$B$1:$B$260000=Summary!$B117), 0)) - IFERROR(INDEX('cumulative-co-emissions1850'!$D$1:$D$260000,MATCH(1, ('cumulative-co-emissions1850'!$C$1:$C$260000=1850)*('cumulative-co-emissions1850'!$B$1:$B$260000=Summary!$B117), 0)), 0)} -> 1066189100 | N117: {=INDEX('cumulative-co-emissions1850'!$D$1:$D$260000,MATCH(1, ('cumulative-co-emissions1850'!$C$1:$C$260000=2024)*('cumulative-co-emissions1850'!$B$1:$B$260000=Summary!$B117), 0)) - IFERROR(INDEX('cumulative-co-emissions1850'!$D$1:$D$260000,MATCH(1, ('cumulative-co-emissions1850'!$C$1:$C$260000=1990)*('cumulative-co-emissions1850'!$B$1:$B$260000=Summary!$B117), 0)), 0)} -> 831867320 | O117: 1565019.4 | P117: 54327.337 | Q117: 12400000 | R117: 149.23165 | S117: 4.3812369 | T117: 43300000000 | U117: 38500000000 | V117: 134000000000 | W117: 3575 | X117: 11085 | Y117: =VLOOKUP(B117,gain!$A$2:$AE$193, 31) -> 51.246609 | Z117: =IFERROR(VLOOKUP(B117,EIB!$B$2:$F$177, 2, FALSE), 0.1) -> 1 | AA117: =IFERROR(VLOOKUP(B117,EIB!$B$2:$F$177, 4, FALSE), 0.1) -> 0.9 | AB117: =VLOOKUP(B117,'UN Multilaterism Index'!$B$2:$C$194, 2,FALSE) -> 85
A118: Ethiopia | B118: ETH | C118: Sub-Saharan Africa | D118: 0 | E118: 0 | F118: =IF(G118=1, 1, 0) -> 0 | G118: 0 | H118: 0 | I118: 0 | J118: 0 | K118: 0 | L118: 38.02712 | M118: {=INDEX('cumulative-co-emissions1850'!$D$1:$D$260000,MATCH(1, ('cumulative-co-emissions1850'!$C$1:$C$260000=2024)*('cumulative-co-emissions1850'!$B$1:$B$260000=Summary!$B118), 0)) - IFERROR(INDEX('cumulative-co-emissions1850'!$D$1:$D$260000,MATCH(1, ('cumulative-co-emissions1850'!$C$1:$C$260000=1850)*('cumulative-co-emissions1850'!$B$1:$B$260000=Summary!$B118), 0)), 0)} -> 330228480 | N118: {=INDEX('cumulative-co-emissions1850'!$D$1:$D$260000,MATCH(1, ('cumulative-co-emissions1850'!$C$1:$C$260000=2024)*('cumulative-co-emissions1850'!$B$1:$B$260000=Summary!$B118), 0)) - IFERROR(INDEX('cumulative-co-emissions1850'!$D$1:$D$260000,MATCH(1, ('cumulative-co-emissions1850'!$C$1:$C$260000=1990)*('cumulative-co-emissions1850'!$B$1:$B$260000=Summary!$B118), 0)), 0)} -> 281547420 | O118: 6725570.4 | P118: 200567.1 | Q118: 123000000 | R118: 70.45722 | S118: 1.6306268 | T118: 100000000000 | U118: 96900000000 | V118: 272000000000 | W118: 861.66667 | X118: 2345 | Y118: =VLOOKUP(B118,gain!$A$2:$AE$193, 31) -> 44.869931 | Z118: =IFERROR(VLOOKUP(B118,EIB!$B$2:$F$177, 2, FALSE), 0.1) -> 1.4 | AA118: =IFERROR(VLOOKUP(B118,EIB!$B$2:$F$177, 4, FALSE), 0.1) -> 1.3 | AB118: =VLOOKUP(B118,'UN Multilaterism Index'!$B$2:$C$194, 2,FALSE) -> 56.6
A119: Guatemala | B119: GTM | C119: Latin America and the Caribbean | D119: 0 | E119: 1 | F119: =IF(G119=1, 1, 0) -> 0 | G119: 0 | H119: 1 | I119: 0 | J119: 0 | K119: 0 | L119: 43.808111 | M119: {=INDEX('cumulative-co-emissions1850'!$D$1:$D$260000,MATCH(1, ('cumulative-co-emissions1850'!$C$1:$C$260000=2024)*('cumulative-co-emissions1850'!$B$1:$B$260000=Summary!$B119), 0)) - IFERROR(INDEX('cumulative-co-emissions1850'!$D$1:$D$260000,MATCH(1, ('cumulative-co-emissions1850'!$C$1:$C$260000=1850)*('cumulative-co-emissions1850'!$B$1:$B$260000=Summary!$B119), 0)), 0)} -> 515765950 | N119: {=INDEX('cumulative-co-emissions1850'!$D$1:$D$260000,MATCH(1, ('cumulative-co-emissions1850'!$C$1:$C$260000=2024)*('cumulative-co-emissions1850'!$B$1:$B$260000=Summary!$B119), 0)) - IFERROR(INDEX('cumulative-co-emissions1850'!$D$1:$D$260000,MATCH(1, ('cumulative-co-emissions1850'!$C$1:$C$260000=1990)*('cumulative-co-emissions1850'!$B$1:$B$260000=Summary!$B119), 0)), 0)} -> 413473814 | O119: 1421760.2 | P119: 35765.15 | Q119: 17400000 | R119: 143.70001 | S119: 2.0554684 | T119: 77900000000 | U119: 74800000000 | V119: 152000000000 | W119: 4648.3333 | X119: 9073.3333 | Y119: =VLOOKUP(B119,gain!$A$2:$AE$193, 31) -> 30.962446 | Z119: =IFERROR(VLOOKUP(B119,EIB!$B$2:$F$177, 2, FALSE), 0.1) -> 0.6 | AA119: =IFERROR(VLOOKUP(B119,EIB!$B$2:$F$177, 4, FALSE), 0.1) -> 0.4 | AB119: =VLOOKUP(B119,'UN Multilaterism Index'!$B$2:$C$194, 2,FALSE) -> 84.3
A120: Fiji | B120: FJI | C120: Oceania | D120: 0 | E120: 1 | F120: =IF(G120=1, 1, 0) -> 0 | G120: 0 | H120: 0 | I120: 0 | J120: 1 | K120: 0 | L120: 51.130555 | M120: {=INDEX('cumulative-co-emissions1850'!$D$1:$D$260000,MATCH(1, ('cumulative-co-emissions1850'!$C$1:$C$260000=2024)*('cumulative-co-emissions1850'!$B$1:$B$260000=Summary!$B120), 0)) - IFERROR(INDEX('cumulative-co-emissions1850'!$D$1:$D$260000,MATCH(1, ('cumulative-co-emissions1850'!$C$1:$C$260000=1850)*('cumulative-co-emissions1850'!$B$1:$B$260000=Summary!$B120), 0)), 0)} -> 54066320 | N120: {=INDEX('cumulative-co-emissions1850'!$D$1:$D$260000,MATCH(1, ('cumulative-co-emissions1850'!$C$1:$C$260000=2024)*('cumulative-co-emissions1850'!$B$1:$B$260000=Summary!$B120), 0)) - IFERROR(INDEX('cumulative-co-emissions1850'!$D$1:$D$260000,MATCH(1, ('cumulative-co-emissions1850'!$C$1:$C$260000=1990)*('cumulative-co-emissions1850'!$B$1:$B$260000=Summary!$B120), 0)), 0)} -> 35341388 | O120: 16136.67 | P120: 2817.9251 | Q120: 930000 | R120: 48.077621 | S120: 3.030027 | T120: 4750000000 | U120: 4540000000 | V120: 11200000000 | W120: 5153.3333 | X120: 12116.667 | Y120: =VLOOKUP(B120,gain!$A$2:$AE$193, 31) -> 44.869931 | Z120: =IFERROR(VLOOKUP(B120,EIB!$B$2:$F$177, 2, FALSE), 0.1) -> 1.5 | AA120: =IFERROR(VLOOKUP(B120,EIB!$B$2:$F$177, 4, FALSE), 0.1) -> 1.3 | AB120: =VLOOKUP(B120,'UN Multilaterism Index'!$B$2:$C$194, 2,FALSE) -> 88.3
A121: Bhutan | B121: BTN | C121: Southern Asia | D121: 0 | E121: 0 | F121: =IF(G121=1, 1, 0) -> 0 | G121: 0 | H121: 1 | I121: 0 | J121: 1 | K121: 0 | L121: 48.16973 | M121: {=INDEX('cumulative-co-emissions1850'!$D$1:$D$260000,MATCH(1, ('cumulative-co-emissions1850'!$C$1:$C$260000=2024)*('cumulative-co-emissions1850'!$B$1:$B$260000=Summary!$B121), 0)) - IFERROR(INDEX('cumulative-co-emissions1850'!$D$1:$D$260000,MATCH(1, ('cumulative-co-emissions1850'!$C$1:$C$260000=1850)*('cumulative-co-emissions1850'!$B$1:$B$260000=Summary!$B121), 0)), 0)} -> 29797136 | N121: {=INDEX('cumulative-co-emissions1850'!$D$1:$D$260000,MATCH(1, ('cumulative-co-emissions1850'!$C$1:$C$260000=2024)*('cumulative-co-emissions1850'!$B$1:$B$260000=Summary!$B121), 0)) - IFERROR(INDEX('cumulative-co-emissions1850'!$D$1:$D$260000,MATCH(1, ('cumulative-co-emissions1850'!$C$1:$C$260000=1990)*('cumulative-co-emissions1850'!$B$1:$B$260000=Summary!$B121), 0)), 0)} -> 28530568 | O121: 8260.3004 | P121: -6167.6654 | Q121: 782000 | R121: 244.79526 | S121: -7.8870402 | T121: 2390000000 | U121: 2390000000 | V121: 8750000000 | W121: 3114 | X121: 11400 | Y121: =VLOOKUP(B121,gain!$A$2:$AE$193, 31) -> 32.881356 | Z121: =IFERROR(VLOOKUP(B121,EIB!$B$2:$F$177, 2, FALSE), 0.1) -> 0.8 | AA121: =IFERROR(VLOOKUP(B121,EIB!$B$2:$F$177, 4, FALSE), 0.1) -> 0.6 | AB121: =VLOOKUP(B121,'UN Multilaterism Index'!$B$2:$C$194, 2,FALSE) -> 62.3
... A140: Kyrgyz Republic | B140: KGZ | C140: Central Asia | D140: 0 | E140: 0 | F140: =IF(G140=1, 1, 0) -> 0 | G140: 0 | H140: 1 | I140: 0 | J140: 1 | K140: 0 | L140: 53.282774 | M140: {=INDEX('cumulative-co-emissions1850'!$D$1:$D$260000,MATCH(1, ('cumulative-co-emissions1850'!$C$1:$C$260000=2024)*('cumulative-co-emissions1850'!$B$1:$B$260000=Summary!$B140), 0)) - IFERROR(INDEX('cumulative-co-emissions1850'!$D$1:$D$260000,MATCH(1, ('cumulative-co-emissions1850'!$C$1:$C$260000=1850)*('cumulative-co-emissions1850'!$B$1:$B$260000=Summary!$B140), 0)), 0)} -> 883215137 | N140: {=INDEX('cumulative-co-emissions1850'!$D$1:$D$260000,MATCH(1, ('cumulative-co-emissions1850'!$C$1:$C$260000=2024)*('cumulative-co-emissions1850'!$B$1:$B$260000=Summary!$B140), 0)) - IFERROR(INDEX('cumulative-co-emissions1850'!$D$1:$D$260000,MATCH(1, ('cumulative-co-emissions1850'!$C$1:$C$260000=1990)*('cumulative-co-emissions1850'!$B$1:$B$260000=Summary!$B140), 0)), 0)} -> 270655600 | O140: 793815.11 | P140: 8463.1849 | Q140: 6970000 | R140: 206.13757 | S140: 1.2142303 | T140: 8290000000 | U140: 7210000000 | V140: 33400000000 | W140: 1260 | X140: 5091.6667 | Y140: =VLOOKUP(B140,gain!$A$2:$AE$193, 31) -> 38.015319 | Z140: =IFERROR(VLOOKUP(B140,EIB!$B$2:$F$177, 2, FALSE), 0.1) -> 0.1 | AA140: =IFERROR(VLOOKUP(B140,EIB!$B$2:$F$177, 4, FALSE), 0.1) -> 0 | AB140: =VLOOKUP(B140,'UN Multilaterism Index'!$B$2:$C$194, 2,FALSE) -> 67.6
A141: Tuvalu | B141: TUV | C141: Oceania | D141: 0 | E141: 1 | F141: =IF(G141=1, 1, 0) -> 0 | G141: 0 | H141: 0 | I141: 0 | J141: 0 | K141: 0 | M141: {=INDEX('cumulative-co-emissions1850'!$D$1:$D$260000,MATCH(1, ('cumulative-co-emissions1850'!$C$1:$C$260000=2024)*('cumulative-co-emissions1850'!$B$1:$B$260000=Summary!$B141), 0)) - IFERROR(INDEX('cumulative-co-emissions1850'!$D$1:$D$260000,MATCH(1, ('cumulative-co-emissions1850'!$C$1:$C$260000=1850)*('cumulative-co-emissions1850'!$B$1:$B$260000=Summary!$B141), 0)), 0)} -> 297180 | N141: {=INDEX('cumulative-co-emissions1850'!$D$1:$D$260000,MATCH(1, ('cumulative-co-emissions1850'!$C$1:$C$260000=2024)*('cumulative-co-emissions1850'!$B$1:$B$260000=Summary!$B141), 0)) - IFERROR(INDEX('cumulative-co-emissions1850'!$D$1:$D$260000,MATCH(1, ('cumulative-co-emissions1850'!$C$1:$C$260000=1990)*('cumulative-co-emissions1850'!$B$1:$B$260000=Summary!$B141), 0)), 0)} -> 293516 | O141: 799.63994 | P141: 21.95562 | Q141: 11300 | R141: 87.927507 | S141: 1.9429752 | T141: 71100000 | U141: 71100000 | V141: 73100000 | W141: 6436.6667 | X141: 6613.3333 | Y141: =VLOOKUP(B141,gain!$A$2:$AE$193, 31) -> 49.875054 | Z141: 3 | AA141: =IFERROR(VLOOKUP(B141,EIB!$B$2:$F$177, 4, FALSE), 0.1) -> 14.4 | AB141: =VLOOKUP(B141,'UN Multilaterism Index'!$B$2:$C$194, 2,FALSE) -> 59.6
A142: Tajikistan | B142: TJK | C142: Central Asia | D142: 0 | E142: 0 | F142: =IF(G142=1, 1, 0) -> 0 | G142: 0 | H142: 1 | I142: 0 | J142: 1 | K142: 0 | L142: 47.727193 | M142: {=INDEX('cumulative-co-emissions1850'!$D$1:$D$260000,MATCH(1, ('cumulative-co-emissions1850'!$C$1:$C$260000=2024)*('cumulative-co-emissions1850'!$B$1:$B$260000=Summary!$B142), 0)) - IFERROR(INDEX('cumulative-co-emissions1850'!$D$1:$D$260000,MATCH(1, ('cumulative-co-emissions1850'!$C$1:$C$260000=1850)*('cumulative-co-emissions1850'!$B$1:$B$260000=Summary!$B142), 0)), 0)} -> 517796929 | N142: {=INDEX('cumulative-co-emissions1850'!$D$1:$D$260000,MATCH(1, ('cumulative-co-emissions1850'!$C$1:$C$260000=2024)*('cumulative-co-emissions1850'!$B$1:$B$260000=Summary!$B142), 0)) - IFERROR(INDEX('cumulative-co-emissions1850'!$D$1:$D$260000,MATCH(1, ('cumulative-co-emissions1850'!$C$1:$C$260000=1990)*('cumulative-co-emissions1850'!$B$1:$B$260000=Summary!$B142), 0)), 0)} -> 162622540 | O142: 901275.98 | P142: 11980.754 | Q142: 9950000 | R142: 141.53407 | S142: 1.2040959 | T142: 10300000000 | U142: 9480000000 | V142: 43400000000 | W142: 1088.3333 | X142: 4573.3333 | Y142: =VLOOKUP(B142,gain!$A$2:$AE$193, 31) -> 49.880269 | Z142: =IFERROR(VLOOKUP(B142,EIB!$B$2:$F$177, 2, FALSE), 0.1) -> 1.3 | AA142: =IFERROR(VLOOKUP(B142,EIB!$B$2:$F$177, 4, FALSE), 0.1) -> 1.1 | AB142: =VLOOKUP(B142,'UN Multilaterism Index'!$B$2:$C$194, 2,FALSE) -> 63.7
A143: Mozambique | B143: MOZ | C143: Sub-Saharan Africa | D143: 0 | E143: 0 | F143: =IF(G143=1, 1, 0) -> 0 | G143: 0 | H143: 0 | I143: 0 | J143: 0 | K143: 0 | L143: 38.624726 | M143: {=INDEX('cumulative-co-emissions1850'!$D$1:$D$260000,MATCH(1, ('cumulative-co-emissions1850'!$C$1:$C$260000=2024)*('cumulative-co-emissions1850'!$B$1:$B$260000=Summary!$B143), 0)) - IFERROR(INDEX('cumulative-co-emissions1850'!$D$1:$D$260000,MATCH(1, ('cumulative-co-emissions1850'!$C$1:$C$260000=1850)*('cumulative-co-emissions1850'!$B$1:$B$260000=Summary!$B143), 0)), 0)} -> 211219630 | N143: {=INDEX('cumulative-co-emissions1850'!$D$1:$D$260000,MATCH(1, ('cumulative-co-emissions1850'!$C$1:$C$260000=2024)*('cumulative-co-emissions1850'!$B$1:$B$260000=Summary!$B143), 0)) - IFERROR(INDEX('cumulative-co-emissions1850'!$D$1:$D$260000,MATCH(1, ('cumulative-co-emissions1850'!$C$1:$C$260000=1990)*('cumulative-co-emissions1850'!$B$1:$B$260000=Summary!$B143), 0)), 0)} -> 126354370 | O143: 2556722 | P143: 77019.034 | Q143: 33000000 | R143: 122.09832 | S143: 2.3339101 | T143: 14200000000 | U143: 7160000000 | V143: 38600000000 | W143: 461.66667 | X143: 1255 | Y143: =VLOOKUP(B143,gain!$A$2:$AE$193, 31) -> 52.499869 | Z143: =IFERROR(VLOOKUP(B143,EIB!$B$2:$F$177, 2, FALSE), 0.1) -> 1.8 | AA143: =IFERROR(VLOOKUP(B143,EIB!$B$2:$F$177, 4, FALSE), 0.1) -> 1.6 | AB143: =VLOOKUP(B143,'UN Multilaterism Index'!$B$2:$C$194, 2,FALSE) -> 76.1
A144: Mauritania | B144: MRT | C144: Sub-Saharan Africa | D144: 0 | E144: 0 | F144: =IF(G144=1, 1, 0) -> 0 | G144: 0 | H144: 0 | I144: 0 | J144: 0 | K144: 0 | L144: 39.960636 | M144: {=INDEX('cumulative-co-emissions1850'!$D$1:$D$260000,MATCH(1, ('cumulative-co-emissions1850'!$C$1:$C$260000=2024)*('cumulative-co-emissions1850'!$B$1:$B$260000=Summary!$B144), 0)) - IFERROR(INDEX('cumulative-co-emissions1850'!$D$1:$D$260000,MATCH(1, ('cumulative-co-emissions1850'!$C$1:$C$260000=1850)*('cumulative-co-emissions1850'!$B$1:$B$260000=Summary!$B144), 0)), 0)} -> 99863290 | N144: {=INDEX('cumulative-co-emissions1850'!$D$1:$D$260000,MATCH(1, ('cumulative-co-emissions1850'!$C$1:$C$260000=2024)*('cumulative-co-emissions1850'!$B$1:$B$260000=Summary!$B144), 0)) - IFERROR(INDEX('cumulative-co-emissions1850'!$D$1:$D$260000,MATCH(1, ('cumulative-co-emissions1850'!$C$1:$C$260000=1990)*('cumulative-co-emissions1850'!$B$1:$B$260000=Summary!$B144), 0)), 0)} -> 78363294 | O144: 378289.16 | P144: 10190.704 | Q144: 4740000 | R144: 113.7497 | S144: 2.1499376 | T144: 7980000000 | U144: 7330000000 | V144: 24900000000 | W144: 1788.3333 | X144: 5583.3333 | Y144: =VLOOKUP(B144,gain!$A$2:$AE$193, 31) -> 52.499869 | Z144: =IFERROR(VLOOKUP(B144,EIB!$B$2:$F$177, 2, FALSE), 0.1) -> 1.7 | AA144: =IFERROR(VLOOKUP(B144,EIB!$B$2:$F$177, 4, FALSE), 0.1) -> 1.6 | AB144: =VLOOKUP(B144,'UN Multilaterism Index'!$B$2:$C$194, 2,FALSE) -> 74.7
A145: Guinea | B145: GIN | C145: Sub-Saharan Africa | D145: 0 | E145: 0 | F145: =IF(G145=1, 1, 0) -> 0 | G145: 0 | H145: 0 | I145: 0 | J145: 0 | K145: 0 | L145: 38.598873 | M145: {=INDEX('cumulative-co-emissions1850'!$D$1:$D$260000,MATCH(1, ('cumulative-co-emissions1850'!$C$1:$C$260000=2024)*('cumulative-co-emissions1850'!$B$1:$B$260000=Summary!$B145), 0)) - IFERROR(INDEX('cumulative-co-emissions1850'!$D$1:$D$260000,MATCH(1, ('cumulative-co-emissions1850'!$C$1:$C$260000=1850)*('cumulative-co-emissions1850'!$B$1:$B$260000=Summary!$B145), 0)), 0)} -> 105935840 | N145: {=INDEX('cumulative-co-emissions1850'!$D$1:$D$260000,MATCH(1, ('cumulative-co-emissions1850'!$C$1:$C$260000=2024)*('cumulative-co-emissions1850'!$B$1:$B$260000=Summary!$B145), 0)) - IFERROR(INDEX('cumulative-co-emissions1850'!$D$1:$D$260000,MATCH(1, ('cumulative-co-emissions1850'!$C$1:$C$260000=1990)*('cumulative-co-emissions1850'!$B$1:$B$260000=Summary!$B145), 0)), 0)} -> 78085546 | O145: 2190634.8 | P145: 57073.696 | Q145: 13900000 | R145: 208.05761 | S145: 4.1060213 | T145: 12500000000 | U145: 12100000000 | V145: 33100000000 | W145: 955 | X145: 2531.6667 | Y145: =VLOOKUP(B145,gain!$A$2:$AE$193, 31) -> 43.67038 | Z145: =IFERROR(VLOOKUP(B145,EIB!$B$2:$F$177, 2, FALSE), 0.1) -> 1.5 | AA145: =IFERROR(VLOOKUP(B145,EIB!$B$2:$F$177, 4, FALSE), 0.1) -> 1.4 | AB145: =VLOOKUP(B145,'UN Multilaterism Index'!$B$2:$C$194, 2,FALSE) -> 69.2
A146: Timor-Leste | B146: TLS | C146: South-eastern Asia | D146: 0 | E146: 0 | F146: =IF(G146=1, 1, 0) -> 0 | G146: 0 | H146: 0 | I146: 0 | J146: 0 | K146: 0 | L146: 43.767129 | M146: {=INDEX('cumulative-co-emissions1850'!$D$1:$D$260000,MATCH(1, ('cumulative-co-emissions1850'!$C$1:$C$260000=2024)*('cumulative-co-emissions1850'!$B$1:$B$260000=Summary!$B146), 0)) - IFERROR(INDEX('cumulative-co-emissions1850'!$D$1:$D$260000,MATCH(1, ('cumulative-co-emissions1850'!$C$1:$C$260000=1850)*('cumulative-co-emissions1850'!$B$1:$B$260000=Summary!$B146), 0)), 0)} -> 12137212 | N146: {=INDEX('cumulative-co-emissions1850'!$D$1:$D$260000,MATCH(1, ('cumulative-co-emissions1850'!$C$1:$C$260000=2024)*('cumulative-co-emissions1850'!$B$1:$B$260000=Summary!$B146), 0)) - IFERROR(INDEX('cumulative-co-emissions1850'!$D$1:$D$260000,MATCH(1, ('cumulative-co-emissions1850'!$C$1:$C$260000=1990)*('cumulative-co-emissions1850'!$B$1:$B$260000=Summary!$B146), 0)), 0)} -> 12137212 | O146: 287215.79 | P146: 6215.2583 | Q146: 1340000 | R146: 290.85573 | S146: 4.6382525 | T146: 2790000000 | U146: 2770000000 | V146: 7050000000 | W146: 2161.6667 | X146: 5453.3333 | Y146: =VLOOKUP(B146,gain!$A$2:$AE$193, 31) -> 42.310369 | Z146: =IFERROR(VLOOKUP(B146,EIB!$B$2:$F$177, 2, FALSE), 0.1) -> 0.6 | AA146: =IFERROR(VLOOKUP(B146,EIB!$B$2:$F$177, 4, FALSE), 0.1) -> 0.4 | AB146: =VLOOKUP(B146,'UN Multilaterism Index'!$B$2:$C$194, 2,FALSE) -> 64.2
A147: Zimbabwe | B147: ZWE | C147: Sub-Saharan Africa | D147: 0 | E147: 0 | F147: =IF(G147=1, 1, 0) -> 0 | G147: 0 | H147: 1 | I147: 0 | J147: 0 | K147: 0 | L147: 35.249174 | M147: {=INDEX('cumulative-co-emissions1850'!$D$1:$D$260000,MATCH(1, ('cumulative-co-emissions1850'!$C$1:$C$260000=2024)*('cumulative-co-emissions1850'!$B$1:$B$260000=Summary!$B147), 0)) - IFERROR(INDEX('cumulative-co-emissions1850'!$D$1:$D$260000,MATCH(1, ('cumulative-co-emissions1850'!$C$1:$C$260000=1850)*('cumulative-co-emissions1850'!$B$1:$B$260000=Summary!$B147), 0)), 0)} -> 832913860 | N147: {=INDEX('cumulative-co-emissions1850'!$D$1:$D$260000,MATCH(1, ('cumulative-co-emissions1850'!$C$1:$C$260000=2024)*('cumulative-co-emissions1850'!$B$1:$B$260000=Summary!$B147), 0)) - IFERROR(INDEX('cumulative-co-emissions1850'!$D$1:$D$260000,MATCH(1, ('cumulative-co-emissions1850'!$C$1:$C$260000=1990)*('cumulative-co-emissions1850'!$B$1:$B$260000=Summary!$B147), 0)), 0)} -> 410391760 | O147: 1794792.2 | P147: 38288.19 | Q147: 16300000 | R147: 152.81842 | S147: 2.3489687 | T147: 23000000000 | U147: 21400000000 | V147: 35300000000 | W147: 1478.3333 | X147: 2271.6667 | Y147: =VLOOKUP(B147,gain!$A$2:$AE$193, 31) -> 34.031482 | Z147: =IFERROR(VLOOKUP(B147,EIB!$B$2:$F$177, 2, FALSE), 0.1) -> 0.1 | AA147: =IFERROR(VLOOKUP(B147,EIB!$B$2:$F$177, 4, FALSE), 0.1) -> 0.1 | AB147: =VLOOKUP(B147,'UN Multilaterism Index'!$B$2:$C$194, 2,FALSE) -> 70.1
...

Sheet UN Multilaterism Index
A1: Country | B1: ISO Code | C1: Score
A2: Barbados | B2: =VLOOKUP(A2, Summary!$A$2:$B$171, 2, FALSE) -> BRB | C2: 92
A3: Antigua and Barbuda | B3: =VLOOKUP(A3, Summary!$A$2:$B$171, 2, FALSE) -> ATG | C3: 91.1
A4: Uruguay | B4: =VLOOKUP(A4, Summary!$A$2:$B$171, 2, FALSE) -> URY | C4: 90.7
A5: Mauritius | B5: =VLOOKUP(A5, Summary!$A$2:$B$171, 2, FALSE) -> MUS | C5: 89.7
A6: Maldives | B6: =VLOOKUP(A6, Summary!$A$2:$B$171, 2, FALSE) -> MDV | C6: 88.8
A7: Jamaica | B7: =VLOOKUP(A7, Summary!$A$2:$B$171, 2, FALSE) -> JAM | C7: 88.7
A8: Costa Rica | B8: =VLOOKUP(A8, Summary!$A$2:$B$171, 2, FALSE) -> CRI | C8: 88.6
A9: Argentina | B9: =VLOOKUP(A9, Summary!$A$2:$B$171, 2, FALSE) -> ARG | C9: 88.6
A10: Fiji | B10: =VLOOKUP(A10, Summary!$A$2:$B$171, 2, FALSE) -> FJI | C10: 88.3
A11: Chile | B11: =VLOOKUP(A11, Summary!$A$2:$B$171, 2, FALSE) -> CHL | C11: 87.2
A12: Belize | B12: =VLOOKUP(A12, Summary!$A$2:$B$171, 2, FALSE) -> BLZ | C12: 86.8
A13: Paraguay | B13: =VLOOKUP(A13, Summary!$A$2:$B$171, 2, FALSE) -> PRY | C13: 86.7
... A26: Malaysia | B26: =VLOOKUP(A26, Summary!$A$2:$B$171, 2, FALSE) -> MYS | C26: 83.1
A27: Madagascar | B27: MDG | C27: 82.8
A28: Philippines | B28: =VLOOKUP(A28, Summary!$A$2:$B$171, 2, FALSE) -> PHL | C28: 82.7
A29: Botswana | B29: =VLOOKUP(A29, Summary!$A$2:$B$171, 2, FALSE) -> BWA | C29: 82.6
A30: St. Lucia | B30: =VLOOKUP(A30, Summary!$A$2:$B$171, 2, FALSE) -> LCA | C30: 82.5
A31: Dominican Republic | B31: =VLOOKUP(A31, Summary!$A$2:$B$171, 2, FALSE) -> DOM | C31: 82.5
A32: El Salvador | B32: =VLOOKUP(A32, Summary!$A$2:$B$171, 2, FALSE) -> SLV | C32: 82.3
A33: Suriname | B33: =VLOOKUP(A33, Summary!$A$2:$B$171, 2, FALSE) -> SUR | C33: 81.5
A34: Namibia | B34: NAM | C34: 81.3
A35: Cote d‚ÄôIvoire | B35: CIV | C35: 81.2
A36: Ghana | B36: =VLOOKUP(A36, Summary!$A$2:$B$171, 2, FALSE) -> GHA | C36: 80.7
A37: Bolivia | B37: =VLOOKUP(A37, Summary!$A$2:$B$171, 2, FALSE) -> BOL | C37: 80.6
A38: Jordan | B38: =VLOOKUP(A38, Summary!$A$2:$B$171, 2, FALSE) -> JOR | C38: 80.2
A39: Bangladesh | B39: =VLOOKUP(A39, Summary!$A$2:$B$171, 2, FALSE) -> BGD | C39: 80.2
A40: Vietnam | B40: =VLOOKUP(A40, Summary!$A$2:$B$171, 2, FALSE) -> VNM | C40: 80.1
A41: Kuwait | B41: =VLOOKUP(A41, Summary!$A$2:$B$171, 2, FALSE) -> KWT | C41: 79.5
A42: Honduras | B42: =VLOOKUP(A42, Summary!$A$2:$B$171, 2, FALSE) -> HND | C42: 79.2
A43: Nicaragua | B43: =VLOOKUP(A43, Summary!$A$2:$B$171, 2, FALSE) -> NIC | C43: 79
A44: Malawi | B44: =VLOOKUP(A44, Summary!$A$2:$B$171, 2, FALSE) -> MWI | C44: 78.6
A45: Malta | B45: =VLOOKUP(A45, Summary!$A$2:$B$171, 2, FALSE) -> MLT | C45: 78.4
A46: Seychelles | B46: =VLOOKUP(A46, Summary!$A$2:$B$171, 2, FALSE) -> SYC | C46: 78.2
A47: Lesotho | B47: =VLOOKUP(A47, Summary!$A$2:$B$171, 2, FALSE) -> LSO | C47: 78.1
... A55: South Africa | B55: =VLOOKUP(A55, Summary!$A$2:$B$171, 2, FALSE) -> ZAF | C55: 77
A56: Gabon | B56: GAB | C56: 77
A57: Sri Lanka | B57: =VLOOKUP(A57, Summary!$A$2:$B$171, 2, FALSE) -> LKA | C57: 77
A58: Guyana | B58: GUY | C58: 76.7
A59: Austria | B59: =VLOOKUP(A59, Summary!$A$2:$B$171, 2, FALSE) -> AUT | C59: 76.7
A60: Togo | B60: =VLOOKUP(A60, Summary!$A$2:$B$171, 2, FALSE) -> TGO | C60: 76.6
A61: Kazakhstan | B61: =VLOOKUP(A61, Summary!$A$2:$B$171, 2, FALSE) -> KAZ | C61: 76.6
A62: Mexico | B62: =VLOOKUP(A62, Summary!$A$2:$B$171, 2, FALSE) -> MEX | C62: 76.5
A63: Luxembourg | B63: =VLOOKUP(A63, Summary!$A$2:$B$171, 2, FALSE) -> LUX | C63: 76.4
A64: Japan | B64: =VLOOKUP(A64, Summary!$A$2:$B$171, 2, FALSE) -> JPN | C64: 76.2
A65: Mozambique | B65: =VLOOKUP(A65, Summary!$A$2:$B$171, 2, FALSE) -> MOZ | C65: 76.1
A66: Moldova | B66: =VLOOKUP(A66, Summary!$A$2:$B$171, 2, FALSE) -> MDA | C66: 76.1
A67: Qatar | B67: =VLOOKUP(A67, Summary!$A$2:$B$171, 2, FALSE) -> QAT | C67: 76
A68: Gambia, The | B68: =VLOOKUP(A68, Summary!$A$2:$B$171, 2, FALSE) -> GMB | C68: 75.7
A69: Nepal | B69: =VLOOKUP(A69, Summary!$A$2:$B$171, 2, FALSE) -> NPL | C69: 75.7
A70: Switzerland | B70: =VLOOKUP(A70, Summary!$A$2:$B$171, 2, FALSE) -> CHE | C70: 75.6
A71: Samoa | B71: WSM | C71: 75.3
A72: Colombia | B72: =VLOOKUP(A72, Summary!$A$2:$B$171, 2, FALSE) -> COL | C72: 75
A73: New Zealand | B73: =VLOOKUP(A73, Summary!$A$2:$B$171, 2, FALSE) -> NZL | C73: 74.8
A74: Mauritania | B74: =VLOOKUP(A74, Summary!$A$2:$B$171, 2, FALSE) -> MRT | C74: 74.7
A75: Thailand | B75: =VLOOKUP(A75, Summary!$A$2:$B$171, 2, FALSE) -> THA | C75: 74.5
A76: Indonesia | B76: =VLOOKUP(A76, Summary!$A$2:$B$171, 2, FALSE) -> IDN | C76: 74.5
A77: Ireland | B77: =VLOOKUP(A77, Summary!$A$2:$B$171, 2, FALSE) -> IRL | C77: 74.2
A78: Albania | B78: =VLOOKUP(A78, Summary!$A$2:$B$171, 2, FALSE) -> ALB | C78: 73.9
A79: Grenada | B79: =VLOOKUP(A79, Summary!$A$2:$B$171, 2, FALSE) -> GRD | C79: 73.5
A80: Ecuador | B80: =VLOOKUP(A80, Summary!$A$2:$B$171, 2, FALSE) -> ECU | C80: 73.4
A81: Germany | B81: =VLOOKUP(A81, Summary!$A$2:$B$171, 2, FALSE) -> DEU | C81: 73.3
A82: Nigeria | B82: =VLOOKUP(A82, Summary!$A$2:$B$171, 2, FALSE) -> NGA | C82: 73.2
A83: North Macedonia | B83: =VLOOKUP(A83, Summary!$A$2:$B$171, 2, FALSE) -> MKD | C83: 72.8
... A85: Benin | B85: =VLOOKUP(A85, Summary!$A$2:$B$171, 2, FALSE) -> BEN | C85: 72.7
A86: Vanuatu | B86: VAN | C86: 72.6
A87: Tanzania | B87: =VLOOKUP(A87, Summary!$A$2:$B$171, 2, FALSE) -> TZA | C87: 72.6
A88: Djibouti | B88: DJI | C88: 72.2
A89: Kenya | B89: =VLOOKUP(A89, Summary!$A$2:$B$171, 2, FALSE) -> KEN | C89: 72
A90: Brunei Darussalam | B90: =VLOOKUP(A90, Summary!$A$2:$B$171, 2, FALSE) -> BRN | C90: 71.8
A91: St. Kitts and Nevis | B91: =VLOOKUP(A91, Summary!$A$2:$B$171, 2, FALSE) -> KNA | C91: 71.6
A92: Cuba | B92: CUB | C92: 71
A93: Bosnia and Herzegovina | B93: =VLOOKUP(A93, Summary!$A$2:$B$171, 2, FALSE) -> BIH | C93: 70.7
A94: Hungary | B94: =VLOOKUP(A94, Summary!$A$2:$B$171, 2, FALSE) -> HUN | C94: 70.4
A95: Angola | B95: =VLOOKUP(A95, Summary!$A$2:$B$171, 2, FALSE) -> AGO | C95: 70.3
A96: Oman | B96: =VLOOKUP(A96, Summary!$A$2:$B$171, 2, FALSE) -> OMN | C96: 70.3
A97: Netherlands | B97: =VLOOKUP(A97, Summary!$A$2:$B$171, 2, FALSE) -> NLD | C97: 70.3
A98: Zimbabwe | B98: =VLOOKUP(A98, Summary!$A$2:$B$171, 2, FALSE) -> ZWE | C98: 70.1
A99: Congo, Rep. | B99: =VLOOKUP(A99, Summary!$A$2:$B$171, 2, FALSE) -> COG | C99: 69.8
A100: Azerbaijan | B100: =VLOOKUP(A100, Summary!$A$2:$B$171, 2, FALSE) -> AZE | C100: 69.7
A101: Portugal | B101: =VLOOKUP(A101, Summary!$A$2:$B$171, 2, FALSE) -> PRT | C101: 69.6
A102: Iceland | B102: =VLOOKUP(A102, Summary!$A$2:$B$171, 2, FALSE) -> ISL | C102: 69.4
A103: Spain | B103: =VLOOKUP(A103, Summary!$A$2:$B$171, 2, FALSE) -> ESP | C103: 69.2
A104: Guinea-Bissau | B104: =VLOOKUP(A104, Summary!$A$2:$B$171, 2, FALSE) -> GNB | C104: 69.2
... A110: Italy | B110: =VLOOKUP(A110, Summary!$A$2:$B$171, 2, FALSE) -> ITA | C110: 68.4
A111: Mali | B111: MLI | C111: 68.3
A112: Georgia | B112: =VLOOKUP(A112, Summary!$A$2:$B$171, 2, FALSE) -> GEO | C112: 68.3
A113: Egypt, Arab Rep. | B113: =VLOOKUP(A113, Summary!$A$2:$B$171, 2, FALSE) -> EGY | C113: 68.1
A114: Denmark | B114: =VLOOKUP(A114, Summary!$A$2:$B$171, 2, FALSE) -> DNK | C114: 67.7
A115: Kyrgyz Republic | B115: =VLOOKUP(A115, Summary!$A$2:$B$171, 2, FALSE) -> KGZ | C115: 67.6
A116: Cyprus | B116: =VLOOKUP(A116, Summary!$A$2:$B$171, 2, FALSE) -> CYP | C116: 67.5
A117: Rwanda | B117: =VLOOKUP(A117, Summary!$A$2:$B$171, 2, FALSE) -> RWA | C117: 67.5
A118: Finland | B118: =VLOOKUP(A118, Summary!$A$2:$B$171, 2, FALSE) -> FIN | C118: 67.4
A119: Monaco | B119: MON | C119: 67.2
A120: Liechtenstein | B120: LIE | C120: 67
A121: China | B121: =VLOOKUP(A121, Summary!$A$2:$B$171, 2, FALSE) -> CHN | C121: 66.8
A122: United Arab Emirates | B122: =VLOOKUP(A122, Summary!$A$2:$B$171, 2, FALSE) -> ARE | C122: 66.7
A123: San Marino | B123: =VLOOKUP(A123, Summary!$A$2:$B$171, 2, FALSE) -> SMR | C123: 66.6
A124: Czechia | B124: =VLOOKUP(A124, Summary!$A$2:$B$171, 2, FALSE) -> CZE | C124: 66.5
A125: Slovenia | B125: =VLOOKUP(A125, Summary!$A$2:$B$171, 2, FALSE) -> SVN | C125: 66.3
...

Sheet EIB
A1: Country | C1: Physical risk | D1: Adaptation capacity | E1: Physical risk inc. adaptation capacity | F1: Transition risk
A2: EU Countries (average) | B2: =VLOOKUP(A2,Summary!$A$2:$B$171, 2,FALSE) -> #N/A | C2: 0.1 | D2: 0.8 | E2: 0 | F2: 0.9
A3: Afghanistan | B3: =VLOOKUP(A3,Summary!$A$2:$B$171, 2,FALSE) -> AFG | C3: 1.1 | D3: 0.3 | E3: 1
A4: Albania | B4: =VLOOKUP(A4,Summary!$A$2:$B$171, 2,FALSE) -> ALB | C4: 0.2 | D4: 0.5 | E4: 0 | F4: 0.4
A5: Algeria | B5: =VLOOKUP(A5,Summary!$A$2:$B$171, 2,FALSE) -> DZA | C5: 1.1 | D5: 0.5 | E5: 0.9 | F5: 1.3
A6: Andorra | B6: AND | C6: 0.1 | D6: 0.6 | E6: 0
A7: Angola | B7: =VLOOKUP(A7,Summary!$A$2:$B$171, 2,FALSE) -> AGO | C7: 0.7 | D7: 0.4 | E7: 0.6 | F7: 0.8
A8: Anguilla | B8: ANG | C8: 2.3 | D8: 0.5 | E8: 2.2
A9: Antigua and Barbuda | B9: =VLOOKUP(A9,Summary!$A$2:$B$171, 2,FALSE) -> ATG | C9: 3.2 | D9: 0.5 | E9: 3 | F9: 1.7
A10: Argentina | B10: =VLOOKUP(A10,Summary!$A$2:$B$171, 2,FALSE) -> ARG | C10: 0.3 | D10: 0.4 | E10: 0.1 | F10: 1
A11: Armenia | B11: =VLOOKUP(A11,Summary!$A$2:$B$171, 2,FALSE) -> ARM | C11: 0.1 | D11: 0.5 | E11: 0 | F11: 1
A12: Aruba | B12: ARU | C12: 2.2 | D12: 0.6 | E12: 1.9 | F12: 1.8
A13: Australia | B13: =VLOOKUP(A13,Summary!$A$2:$B$171, 2,FALSE) -> AUS | C13: 0.5 | D13: 0.9 | E13: 0.2 | F13: 1.7
A14: Azerbaijan | B14: =VLOOKUP(A14,Summary!$A$2:$B$171, 2,FALSE) -> AZE | C14: 0.1 | D14: 0.5 | E14: 0 | F14: 1.1
A15: Bahamas | B15: BHS | C15: 3.5 | D15: 0.5 | E15: 3.4 | F15: 1.5
A16: Bahrain | B16: =VLOOKUP(A16,Summary!$A$2:$B$171, 2,FALSE) -> BHR | C16: 1.3 | D16: 0.5 | E16: 1.1 | F16: 2.2
A17: Bangladesh | B17: =VLOOKUP(A17,Summary!$A$2:$B$171, 2,FALSE) -> BGD | C17: 1.1 | D17: 0.4 | E17: 1 | F17: 0.8
A18: Barbados | B18: =VLOOKUP(A18,Summary!$A$2:$B$171, 2,FALSE) -> BRB | C18: 2.3 | D18: 0.5 | E18: 2.1 | F18: 0.8
A19: Belarus | B19: =VLOOKUP(A19,Summary!$A$2:$B$171, 2,FALSE) -> BLR | C19: 0.1 | D19: 0.6 | E19: 0 | F19: 1.3
A20: Belize | B20: =VLOOKUP(A20,Summary!$A$2:$B$171, 2,FALSE) -> BLZ | C20: 1.4 | D20: 0.4 | E20: 1.3 | F20: 1
A21: Benin | B21: =VLOOKUP(A21,Summary!$A$2:$B$171, 2,FALSE) -> BEN | C21: 1.4 | D21: 0.4 | E21: 1.3 | F21: 0.7
A22: Bhutan | B22: =VLOOKUP(A22,Summary!$A$2:$B$171, 2,FALSE) -> BTN | C22: 0.8 | D22: 0.5 | E22: 0.6 | F22: 1.2
A23: Bolivia | B23: =VLOOKUP(A23,Summary!$A$2:$B$171, 2,FALSE) -> BOL | C23: 0.6 | D23: 0.4 | E23: 0.5 | F23: 1.1
A24: Bosnia and Herzegovina | B24: =VLOOKUP(A24,Summary!$A$2:$B$171, 2,FALSE) -> BIH | C24: 0.8 | D24: 0.5 | E24: 0.6 | F24: 1.8
A25: Botswana | B25: =VLOOKUP(A25,Summary!$A$2:$B$171, 2,FALSE) -> BWA | C25: 0.4 | D25: 0.6 | E25: 0.2 | F25: 1.1
A26: Brazil | B26: =VLOOKUP(A26,Summary!$A$2:$B$171, 2,FALSE) -> BRA | C26: 0.4 | D26: 0.6 | E26: 0.2 | F26: 0.8
A27: British Virgin Islands | B27: VGB | C27: 2.3 | D27: 0.3 | E27: 2.2 | F27: 1.7
A28: Brunei | B28: BRU | C28: 0.3 | D28: 0.5 | E28: 0.1
A29: Burkina Faso | B29: =VLOOKUP(A29,Summary!$A$2:$B$171, 2,FALSE) -> BFA | C29: 1.5 | D29: 0.3 | E29: 1.4 | F29: 0.8
A30: Burundi | B30: =VLOOKUP(A30,Summary!$A$2:$B$171, 2,FALSE) -> BDI | C30: 1.2 | D30: 0.3 | E30: 1.1 | F30: 0.8
A31: Cabo verde | B31: =VLOOKUP(A31,Summary!$A$2:$B$171, 2,FALSE) -> CPV | C31: 0.8 | D31: 0.5 | E31: 0.7 | F31: 0.9
A32: Cambodia | B32: =VLOOKUP(A32,Summary!$A$2:$B$171, 2,FALSE) -> KHM | C32: 1.1 | D32: 0.4 | E32: 0.9 | F32: 1
A33: Cameroon | B33: =VLOOKUP(A33,Summary!$A$2:$B$171, 2,FALSE) -> CMR | C33: 1 | D33: 0.3 | E33: 0.9 | F33: 0.9
A34: Canada | B34: =VLOOKUP(A34,Summary!$A$2:$B$171, 2,FALSE) -> CAN | C34: 0.1 | D34: 0.9 | E34: 0 | F34: 1.8
A35: Cayman Islands | B35: CYM | C35: 2.4 | D35: 0.8 | E35: 2.1 | F35: 1.6
A36: Central African Republic | B36: =VLOOKUP(A36,Summary!$A$2:$B$171, 2,FALSE) -> CAF | C36: 1.2 | D36: 0.3 | E36: 1.1 | F36: 0.7
A37: Chad | B37: =VLOOKUP(A37,Summary!$A$2:$B$171, 2,FALSE) -> TCD | C37: 1.5 | D37: 0.3 | E37: 1.4 | F37: 1
A38: Chile | B38: =VLOOKUP(A38,Summary!$A$2:$B$171, 2,FALSE) -> CHL | C38: 0.3 | D38: 0.7 | E38: 0.1 | F38: 0.8
A39: China | B39: =VLOOKUP(A39,Summary!$A$2:$B$171, 2,FALSE) -> CHN | C39: 0.6 | D39: 0.6 | E39: 0.4 | F39: 1.7
A40: Colombia | B40: =VLOOKUP(A40,Summary!$A$2:$B$171, 2,FALSE) -> COL | C40: 0.3 | D40: 0.6 | E40: 0.1 | F40: 0.9
A41: Comoros | B41: =VLOOKUP(A41,Summary!$A$2:$B$171, 2,FALSE) -> COM | C41: 0.9 | D41: 0.3 | E41: 0.8 | F41: 1
A42: Congo | B42: COG | C42: 0.8 | D42: 0.4 | E42: 0.7 | F42: 0.8
A43: Costa Rica | B43: =VLOOKUP(A43,Summary!$A$2:$B$171, 2,FALSE) -> CRI | C43: 0.3 | D43: 0.5 | E43: 0.1 | F43: 0.5
A44: C√¥te d‚ÄôIvoire | B44: CIV | C44: 1 | D44: 0.4 | E44: 0.9 | F44: 0.8
A45: Cuba | B45: CUB | C45: 2.2 | D45: 0.5 | E45: 2
A46: Cura√ßao | B46: CUW | C46: 2.3 | D46: 0.6 | E46: 2.1
A47: Democratic Republic of the_x000D_Congo | B47: COD | C47: 1 | D47: 0.3 | E47: 0.9 | F47: 0.8
A48: Djibouti | B48: DJI | C48: 1 | D48: 0.3 | E48: 0.9 | F48: 0.6
A49: Dominica | B49: DMA | C49: 18.4 | D49: 0.6 | E49: 18.2 | F49: 0.8
A50: Dominican Republic | B50: =VLOOKUP(A50,Summary!$A$2:$B$171, 2,FALSE) -> DOM | C50: 0.4 | D50: 0.5 | E50: 0.2 | F50: 1
A51: Ecuador | B51: =VLOOKUP(A51,Summary!$A$2:$B$171, 2,FALSE) -> ECU | C51: 0.4 | D51: 0.5 | E51: 0.2 | F51: 1
A52: Egypt | B52: EGY | C52: 1.1 | D52: 0.4 | E52: 1 | F52: 1.1
A53: El Salvador | B53: =VLOOKUP(A53,Summary!$A$2:$B$171, 2,FALSE) -> SLV | C53: 0.9 | D53: 0.4 | E53: 0.8 | F53: 1
A54: Equatorial Guinea | B54: =VLOOKUP(A54,Summary!$A$2:$B$171, 2,FALSE) -> GNQ | C54: 0.7 | D54: 0.4 | E54: 0.6 | F54: 0.9
A55: Eritrea | B55: ERI | C55: 1.3 | D55: 0.3 | E55: 1.2
A56: Eswatini | B56: =VLOOKUP(A56,Summary!$A$2:$B$171, 2,FALSE) -> SWZ | C56: 0.8 | D56: 0.4 | E56: 0.6 | F56: 0.8
A57: Ethiopia | B57: =VLOOKUP(A57,Summary!$A$2:$B$171, 2,FALSE) -> ETH | C57: 1.4 | D57: 0.2 | E57: 1.3 | F57: 0.7
A58: Fiji | B58: =VLOOKUP(A58,Summary!$A$2:$B$171, 2,FALSE) -> FJI | C58: 1.5 | D58: 0.5 | E58: 1.3 | F58: 0.5
A59: French Polynesia | B59: PYF | C59: 1.8 | D59: 0.3 | E59: 1.6
A60: Gabon | B60: GAB | C60: 0.8 | D60: 0.4 | E60: 0.7 | F60: 1
A61: Georgia | B61: =VLOOKUP(A61,Summary!$A$2:$B$171, 2,FALSE) -> GEO | C61: 0.2 | D61: 0.6 | E61: 0 | F61: 0.8
A62: Greenland | B62: GRL | C62: 1.9 | D62: 0.5 | E62: 1.8
A63: Grenada | B63: =VLOOKUP(A63,Summary!$A$2:$B$171, 2,FALSE) -> GRD | C63: 9.4 | D63: 0.5 | E63: 9.3 | F63: 1
A64: Guatemala | B64: =VLOOKUP(A64,Summary!$A$2:$B$171, 2,FALSE) -> GTM | C64: 0.6 | D64: 0.4 | E64: 0.4 | F64: 0.6
A65: Guinea | B65: =VLOOKUP(A65,Summary!$A$2:$B$171, 2,FALSE) -> GIN | C65: 1.5 | D65: 0.3 | E65: 1.4 | F65: 0.9
A66: Guinea-Bissau | B66: =VLOOKUP(A66,Summary!$A$2:$B$171, 2,FALSE) -> GNB | C66: 1.6 | D66: 0.3 | E66: 1.5 | F66: 0.8
A67: Guyana | B67: GUY | C67: 2.7 | D67: 0.4 | E67: 2.5 | F67: 1.2
A68: Haiti | B68: =VLOOKUP(A68,Summary!$A$2:$B$171, 2,FALSE) -> HTI | C68: 1.4 | D68: 0.3 | E68: 1.3 | F68: 0.5
A69: Honduras | B69: =VLOOKUP(A69,Summary!$A$2:$B$171, 2,FALSE) -> HND | C69: 0.6 | D69: 0.4 | E69: 0.4 | F69: 0.8
A70: Hong Kong | B70: HKG | C70: 0.4 | D70: 0.7 | E70: 0.1 | F70: 1.7
A71: Iceland | B71: =VLOOKUP(A71,Summary!$A$2:$B$171, 2,FALSE) -> ISL | C71: 0.1 | D71: 0.8 | E71: 0 | F71: 1
A72: India | B72: =VLOOKUP(A72,Summary!$A$2:$B$171, 2,FALSE) -> IND | C72: 1.2 | D72: 0.5 | E72: 1 | F72: 1.1
A73: Indonesia | B73: =VLOOKUP(A73,Summary!$A$2:$B$171, 2,FALSE) -> IDN | C73: 0.5 | D73: 0.5 | E73: 0.4 | F73: 1.1
A74: Iran | B74: IRN | C74: 1.4 | D74: 0.4 | E74: 1.3
A75: Iraq | B75: =VLOOKUP(A75,Summary!$A$2:$B$171, 2,FALSE) -> IRQ | C75: 1.5 | D75: 0.4 | E75: 1.3
A76: Israel | B76: =VLOOKUP(A76,Summary!$A$2:$B$171, 2,FALSE) -> ISR | C76: 0.8 | D76: 0.7 | E76: 0.5 | F76: 1.1
A77: Jamaica | B77: =VLOOKUP(A77,Summary!$A$2:$B$171, 2,FALSE) -> JAM | C77: 2.3 | D77: 0.5 | E77: 2.1 | F77: 1
A78: Japan | B78: =VLOOKUP(A78,Summary!$A$2:$B$171, 2,FALSE) -> JPN | C78: 0.4 | D78: 0.8 | E78: 0.1 | F78: 1.3
A79: Jordan | B79: =VLOOKUP(A79,Summary!$A$2:$B$171, 2,FALSE) -> JOR | C79: 0.8 | D79: 0.5 | E79: 0.6 | F79: 0.5
A80: Kazakhstan | B80: =VLOOKUP(A80,Summary!$A$2:$B$171, 2,FALSE) -> KAZ | C80: 0 | D80: 0.5 | E80: 0 | F80: 2
A81: Kenya | B81: =VLOOKUP(A81,Summary!$A$2:$B$171, 2,FALSE) -> KEN | C81: 1.3 | D81: 0.4 | E81: 1.2 | F81: 0.7
A82: Kiribati | B82: =VLOOKUP(A82,Summary!$A$2:$B$171, 2,FALSE) -> KIR | C82: 2.5 | D82: 0.6 | E82: 2.3
A83: Kosovo | B83: KOS | C83: 0.2 | D83: 0.5 | E83: 0
A84: Kuwait | B84: =VLOOKUP(A84,Summary!$A$2:$B$171, 2,FALSE) -> KWT | C84: 1.8 | D84: 0.8 | E84: 1.5
A85: Kyrgyzstan | B85: KGZ | C85: 0.1 | D85: 0.4 | E85: 0 | F85: 0.8
A86: Laos | B86: LAO | C86: 0.8 | D86: 0.3 | E86: 0.7 | F86: 0.7
A87: Lebanon | B87: =VLOOKUP(A87,Summary!$A$2:$B$171, 2,FALSE) -> LBN | C87: 0.8 | D87: 0.4 | E87: 0.6 | F87: 1.3
A88: Lesotho | B88: =VLOOKUP(A88,Summary!$A$2:$B$171, 2,FALSE) -> LSO | C88: 0.9 | D88: 0.5 | E88: 0.7 | F88: 0.8
A89: Liberia | B89: =VLOOKUP(A89,Summary!$A$2:$B$171, 2,FALSE) -> LBR | C89: 1.6 | D89: 0.4 | E89: 1.5 | F89: 0.3
A90: Libya | B90: LBY | C90: 1.3 | D90: 0.5 | E90: 1.2
A91: Madagascar | B91: MDG | C91: 1.4 | D91: 0.3 | E91: 1.3 | F91: 0.8
A92: Malawi | B92: =VLOOKUP(A92,Summary!$A$2:$B$171, 2,FALSE) -> MWI | C92: 1.5 | D92: 0.3 | E92: 1.4 | F92: 0.8
A93: Malaysia | B93: =VLOOKUP(A93,Summary!$A$2:$B$171, 2,FALSE) -> MYS | C93: 0.5 | D93: 0.6 | E93: 0.3 | F93: 1.8
A94: Maldives | B94: =VLOOKUP(A94,Summary!$A$2:$B$171, 2,FALSE) -> MDV | C94: 3.4 | D94: 0.4 | E94: 3.2 | F94: 1.1
A95: Mali | B95: MLI | C95: 1.9 | D95: 0.3 | E95: 1.8 | F95: 0.8
A96: Marshall Islands | B96: =VLOOKUP(A96,Summary!$A$2:$B$171, 2,FALSE) -> MHL | C96: 3.2 | D96: 0.6 | E96: 3
A97: Mauritania | B97: =VLOOKUP(A97,Summary!$A$2:$B$171, 2,FALSE) -> MRT | C97: 1.7 | D97: 0.4 | E97: 1.6 | F97: 0.8
A98: Mauritius | B98: =VLOOKUP(A98,Summary!$A$2:$B$171, 2,FALSE) -> MUS | C98: 1 | D98: 0.6 | E98: 0.7 | F98: 0.7
A99: Mexico | B99: =VLOOKUP(A99,Summary!$A$2:$B$171, 2,FALSE) -> MEX | C99: 0.4 | D99: 0.5 | E99: 0.2 | F99: 0.9
A100: Micronesia | B100: FSM | C100: 1.4 | D100: 0.6 | E100: 1.2
...

Sheet gain
A1: ISO3 | B1: Name | C1: 1995 | D1: 1996 | E1: 1997 | F1: 1998 | G1: 1999 | H1: 2000 | I1: 2001 | J1: 2002 | K1: 2003 | L1: 2004 | M1: 2005 | N1: 2006 | O1: 2007 | P1: 2008 | Q1: 2009 | R1: 2010 | S1: 2011 | T1: 2012 | U1: 2013 | V1: 2014 | W1: 2015 | X1: 2016 | Y1: 2017 | Z1: 2018 | AA1: 2019 | AB1: 2020 | AC1: 2021 | AD1: 2022 | AE1: 2023
A2: AFG | B2: Afghanistan | C2: 34.78353 | D2: 34.775074 | E2: 34.988812 | F2: 35.293407 | G2: 35.177507 | H2: 35.065559 | I2: 35.198269 | J2: 35.335123 | K2: 35.542042 | L2: 35.40977 | M2: 32.098198 | N2: 30.590486 | O2: 30.163952 | P2: 29.877764 | Q2: 30.253636 | R2: 30.510947 | S2: 29.826458 | T2: 30.818827 | U2: 30.652535 | V2: 31.544162 | W2: 31.795961 | X2: 31.903926 | Y2: 31.346547 | Z2: 31.165179 | AA2: 31.910511 | AB2: 31.727814 | AC2: 32.833517 | AD2: 32.633596 | AE2: 32.765017
A3: ALB | B3: Albania | C3: 41.396494 | D3: 41.379214 | E3: 41.333451 | F3: 41.100159 | G3: 41.026585 | H3: 41.38143 | I3: 41.395906 | J3: 41.602467 | K3: 41.664145 | L3: 42.505108 | M3: 42.152519 | N3: 41.414331 | O3: 41.881827 | P3: 42.701934 | Q3: 43.72687 | R3: 44.286047 | S3: 43.950514 | T3: 44.46653 | U3: 44.9631 | V3: 46.435235 | W3: 47.225916 | X3: 47.113945 | Y3: 47.064079 | Z3: 47.34087 | AA3: 47.412095 | AB3: 47.738609 | AC3: 48.44332 | AD3: 49.348682 | AE3: 49.747451
A4: DZA | B4: Algeria | C4: 45.208524 | D4: 45.310608 | E4: 44.711577 | F4: 44.217693 | G4: 44.233838 | H4: 44.198576 | I4: 44.255934 | J4: 44.295123 | K4: 45.337685 | L4: 45.654551 | M4: 46.235638 | N4: 44.705621 | O4: 44.680348 | P4: 44.732481 | Q4: 44.959577 | R4: 44.804254 | S4: 44.461156 | T4: 44.718585 | U4: 45.245145 | V4: 44.982398 | W4: 45.123443 | X4: 45.471441 | Y4: 46.624614 | Z4: 46.353467 | AA4: 46.487537 | AB4: 47.531633 | AC4: 47.246477 | AD4: 47.391899 | AE4: 47.689392
A5: AND | B5: Andorra
A6: AGO | B6: Angola | C6: 34.167486 | D6: 34.149985 | E6: 34.130968 | F6: 34.111716 | G6: 34.072943 | H6: 34.030188 | I6: 34.12944 | J6: 34.436386 | K6: 33.954098 | L6: 33.994846 | M6: 33.447242 | N6: 31.929607 | O6: 32.168608 | P6: 32.27425 | Q6: 32.02096 | R6: 31.349715 | S6: 31.333351 | T6: 32.238997 | U6: 32.504257 | V6: 31.935004 | W6: 31.790461 | X6: 32.897104 | Y6: 33.213149 | Z6: 34.102874 | AA6: 34.774563 | AB6: 35.292144 | AC6: 36.595834 | AD6: 36.894235 | AE6: 37.043357
A7: ATG | B7: Antigua and Barbuda | C7: 47.672721 | D7: 47.712302 | E7: 47.821139 | F7: 47.884814 | G7: 47.896268 | H7: 48.007816 | I7: 48.08579 | J7: 48.301373 | K7: 48.473223 | L7: 48.515549 | M7: 49.234322 | N7: 49.358426 | O7: 49.634696 | P7: 50.241674 | Q7: 50.574386 | R7: 50.821153 | S7: 50.278163 | T7: 50.822806 | U7: 50.766105 | V7: 48.695551 | W7: 48.429549 | X7: 48.368442 | Y7: 46.364371 | Z7: 46.723177 | AA7: 46.974654 | AB7: 46.825273 | AC7: 46.817909 | AD7: 47.18521 | AE7: 47.278459
A8: ARG | B8: Argentina | C8: 46.755828 | D8: 46.883267 | E8: 46.585047 | F8: 46.375925 | G8: 46.572106 | H8: 46.826261 | I8: 46.068257 | J8: 45.702005 | K8: 45.641945 | L8: 45.929071 | M8: 46.682011 | N8: 45.721338 | O8: 46.141115 | P8: 45.831838 | Q8: 45.863254 | R8: 46.299003 | S8: 46.103766 | T8: 45.844055 | U8: 45.512061 | V8: 45.076998 | W8: 44.899691 | X8: 46.512091 | Y8: 46.441575 | Z8: 48.31508 | AA8: 48.720793 | AB8: 48.968671 | AC8: 47.894062 | AD8: 47.833398 | AE8: 48.090403
A9: ARM | B9: Armenia | C9: 47.021879 | D9: 47.340102 | E9: 46.207182 | F9: 46.093954 | G9: 46.780301 | H9: 47.055471 | I9: 47.106605 | J9: 48.650679 | K9: 49.174584 | L9: 48.744768 | M9: 49.582548 | N9: 48.976974 | O9: 48.69223 | P9: 50.014055 | Q9: 49.99028 | R9: 50.220565 | S9: 50.346322 | T9: 50.701152 | U9: 51.70672 | V9: 52.875154 | W9: 53.071007 | X9: 53.430073 | Y9: 53.525618 | Z9: 54.130369 | AA9: 55.23856 | AB9: 55.689762 | AC9: 56.244156 | AD9: 56.413472 | AE9: 56.714012
A10: AUS | B10: Australia | C10: 63.384981 | D10: 63.544201 | E10: 63.531374 | F10: 63.668802 | G10: 63.96053 | H10: 64.317532 | I10: 64.593574 | J10: 64.664737 | K10: 65.348486 | L10: 66.03956 | M10: 66.274099 | N10: 68.397476 | O10: 68.856042 | P10: 69.256175 | Q10: 68.913432 | R10: 69.279064 | S10: 69.35549 | T10: 69.29257 | U10: 69.248782 | V10: 69.349875 | W10: 69.393587 | X10: 68.954985 | Y10: 68.362133 | Z10: 69.171158 | AA10: 69.263732 | AB10: 68.313104 | AC10: 69.211974 | AD10: 69.146555 | AE10: 69.197042
A11: AUT | B11: Austria | C11: 64.655477 | D11: 64.932327 | E11: 65.39313 | F11: 65.741991 | G11: 66.0189 | H11: 66.220219 | I11: 66.644735 | J11: 66.939083 | K11: 67.227501 | L11: 67.673988 | M11: 67.69094 | N11: 69.113254 | O11: 69.807254 | P11: 69.194669 | Q11: 68.29785 | R11: 68.436121 | S11: 68.073609 | T11: 68.125263 | U11: 69.142091 | V11: 69.458785 | W11: 69.726256 | X11: 69.214806 | Y11: 69.259085 | Z11: 69.475423 | AA11: 69.123791 | AB11: 69.11934 | AC11: 68.516522 | AD11: 68.213841 | AE11: 67.943328
A12: AZE | B12: Azerbaijan | C12: 40.75823 | D12: 40.596001 | E12: 41.262237 | F12: 41.65686 | G12: 41.578819 | H12: 41.593876 | I12: 42.43191 | J12: 44.61574 | K12: 45.061359 | L12: 45.138087 | M12: 45.91743 | N12: 43.52249 | O12: 43.198627 | P12: 42.834166 | Q12: 44.556875 | R12: 43.944849 | S12: 44.658273 | T12: 44.832663 | U12: 46.200451 | V12: 47.271669 | W12: 48.151413 | X12: 49.312336 | Y12: 48.544578 | Z12: 48.847855 | AA12: 49.806137 | AB12: 48.631617 | AC12: 49.623331 | AD12: 48.816821 | AE12: 48.330482
A13: BHS | B13: Bahamas | C13: 48.559868 | D13: 48.596223 | E13: 48.936223 | F13: 49.156631 | G13: 49.153764 | H13: 49.290776 | I13: 49.655806 | J13: 50.062082 | K13: 50.120447 | L13: 50.301956 | M13: 51.192243 | N13: 54.749323 | O13: 54.854324 | P13: 50.194956 | Q13: 50.178081 | R13: 50.277928 | S13: 50.464167 | T13: 50.755139 | U13: 50.59327 | V13: 50.903367 | W13: 50.01322 | X13: 49.659123 | Y13: 49.624857 | Z13: 49.450932 | AA13: 49.802616 | AB13: 49.461318 | AC13: 49.626105 | AD13: 50.045192 | AE13: 50.190165
A14: BHR | B14: Bahrain | C14: 45.908256 | D14: 45.813071 | E14: 45.799168 | F14: 45.810146 | G14: 46.210379 | H14: 46.653032 | I14: 47.751346 | J14: 48.822212 | K14: 47.560232 | L14: 47.8752 | M14: 48.650215 | N14: 51.443579 | O14: 51.914154 | P14: 49.153989 | Q14: 49.436877 | R14: 49.585324 | S14: 50.337131 | T14: 51.143153 | U14: 51.50091 | V14: 51.474758 | W14: 50.874178 | X14: 49.860477 | Y14: 49.38575 | Z14: 49.371967 | AA14: 49.892402 | AB14: 51.111948 | AC14: 52.679023 | AD14: 52.833503 | AE14: 52.775315
A15: BGD | B15: Bangladesh | C15: 35.948107 | D15: 36.008346 | E15: 36.118062 | F15: 36.971071 | G15: 36.252702 | H15: 35.568835 | I15: 35.056611 | J15: 34.772953 | K15: 34.414975 | L15: 34.222789 | M15: 36.18158 | N15: 39.860842 | O15: 41.059312 | P15: 41.568348 | Q15: 41.655524 | R15: 43.094572 | S15: 43.037886 | T15: 44.50019 | U15: 44.5463 | V15: 33.484143 | W15: 34.18729 | X15: 34.921649 | Y15: 35.306315 | Z15: 35.137413 | AA15: 34.904834 | AB15: 35.173077 | AC15: 33.847024 | AD15: 32.961767 | AE15: 32.857544
A16: BRB | B16: Barbados | C16: 56.109636 | D16: 56.137816 | E16: 56.122944 | F16: 56.164507 | G16: 56.239738 | H16: 56.546941 | I16: 56.597659 | J16: 56.245067 | K16: 56.787745 | L16: 57.299752 | M16: 58.367974 | N16: 61.658932 | O16: 62.095077 | P16: 62.287451 | Q16: 62.025486 | R16: 63.421583 | S16: 64.731797 | T16: 58.837893 | U16: 58.859707 | V16: 57.039947 | W16: 58.495859 | X16: 57.393794 | Y16: 58.589174 | Z16: 58.406449 | AA16: 58.022693 | AB16: 58.600191 | AC16: 61.212438 | AD16: 61.716581 | AE16: 61.931594
A17: BLR | B17: Belarus | C17: 48.988754 | D17: 49.3756 | E17: 49.599383 | F17: 50.282666 | G17: 50.123629 | H17: 49.648252 | I17: 49.513756 | J17: 49.252109 | K17: 50.392724 | L17: 50.068694 | M17: 50.263795 | N17: 48.879916 | O17: 49.473491 | P17: 50.225881 | Q17: 52.420929 | R17: 52.701632 | S17: 53.610169 | T17: 55.071312 | U17: 55.379267 | V17: 55.225448 | W17: 55.029209 | X17: 56.353782 | Y17: 57.567247 | Z17: 57.865007 | AA17: 58.836977 | AB17: 58.286976 | AC17: 57.768695 | AD17: 56.735783 | AE17: 56.340465
... A99: LBY | B99: Libyan Arab Jamahiriya | C99: 43.692294 | D99: 43.739123 | E99: 43.680456 | F99: 43.630481 | G99: 43.749082 | H99: 43.723335 | I99: 43.625383 | J99: 43.582993 | K99: 43.831888 | L99: 43.80161 | M99: 44.75574 | N99: 47.862121 | O99: 48.100648 | P99: 48.526157 | Q99: 47.834141 | R99: 48.77924 | S99: 48.605928 | T99: 48.101456 | U99: 42.065957 | V99: 42.248022 | W99: 41.945822 | X99: 42.192651 | Y99: 42.457562 | Z99: 42.798307 | AA99: 42.944396 | AB99: 43.020092 | AC99: 42.987841 | AD99: 43.174384 | AE99: 43.26002
A100: LIE | B100: Liechtenstein
A101: LTU | B101: Lithuania | C101: 50.74642 | D101: 50.998119 | E101: 51.062038 | F101: 51.202943 | G101: 51.167824 | H101: 51.431691 | I101: 51.596195 | J101: 51.847358 | K101: 52.436237 | L101: 52.798111 | M101: 53.72088 | N101: 55.068659 | O101: 55.450806 | P101: 55.960572 | Q101: 56.611136 | R101: 56.84763 | S101: 56.651938 | T101: 57.168466 | U101: 57.644471 | V101: 59.380299 | W101: 59.011266 | X101: 58.825782 | Y101: 58.120939 | Z101: 58.194206 | AA101: 59.0357 | AB101: 59.587533 | AC101: 59.965101 | AD101: 60.085047 | AE101: 60.225848
A102: LUX | B102: Luxembourg | C102: 60.990524 | D102: 62.198567 | E102: 61.869068 | F102: 61.640537 | G102: 60.779386 | H102: 64.80035 | I102: 62.960235 | J102: 62.491446 | K102: 59.890249 | L102: 61.365338 | M102: 61.971369 | N102: 66.538255 | O102: 63.445362 | P102: 65.43583 | Q102: 66.106217 | R102: 67.675276 | S102: 68.335502 | T102: 69.263764 | U102: 69.586602 | V102: 70.083381 | W102: 70.469326 | X102: 70.055246 | Y102: 69.419756 | Z102: 69.471708 | AA102: 68.845489 | AB102: 68.925574 | AC102: 67.508776 | AD102: 67.531273 | AE102: 67.661085
A103: MKD | B103: Macedonia | C103: 47.167204 | D103: 46.684206 | E103: 46.826367 | F103: 47.093849 | G103: 46.825406 | H103: 46.501104 | I103: 46.186484 | J103: 45.536714 | K103: 46.86614 | L103: 47.259505 | M103: 47.24633 | N103: 47.485595 | O103: 48.662115 | P103: 49.015158 | Q103: 49.783417 | R103: 50.476049 | S103: 50.735252 | T103: 51.809066 | U103: 52.347613 | V103: 53.396294 | W103: 53.080507 | X103: 52.79411 | Y103: 52.5745 | Z103: 51.981426 | AA103: 51.908289 | AB103: 51.661464 | AC103: 51.975522 | AD103: 52.584705 | AE103: 52.473603
A104: MDG | B104: Madagascar | C104: 35.778459 | D104: 35.876494 | E104: 35.408215 | F104: 35.000929 | G104: 35.170674 | H104: 35.227454 | I104: 35.632032 | J104: 36.141544 | K104: 36.002266 | L104: 35.191981 | M104: 35.88899 | N104: 34.347036 | O104: 35.217559 | P104: 35.581876 | Q104: 35.125785 | R104: 34.312271 | S104: 33.473778 | T104: 33.391887 | U104: 32.953831 | V104: 32.908562 | W104: 32.613715 | X104: 32.593433 | Y104: 32.308453 | Z104: 32.880531 | AA104: 32.524813 | AB104: 32.676234 | AC104: 32.878539 | AD104: 32.947969 | AE104: 32.958107
A105: MWI | B105: Malawi | C105: 33.708163 | D105: 33.720865 | E105: 33.822055 | F105: 34.043843 | G105: 34.270233 | H105: 34.556567 | I105: 33.140874 | J105: 31.576906 | K105: 32.996991 | L105: 33.093419 | M105: 33.376628 | N105: 33.588306 | O105: 33.795628 | P105: 34.002915 | Q105: 34.24103 | R105: 33.193657 | S105: 33.823965 | T105: 33.813155 | U105: 33.124289 | V105: 32.497296 | W105: 32.42572 | X105: 33.427607 | Y105: 33.861288 | Z105: 33.650084 | AA105: 33.636101 | AB105: 35.196287 | AC105: 35.725574 | AD105: 34.72222 | AE105: 34.799776
A106: MYS | B106: Malaysia | C106: 48.014934 | D106: 48.166978 | E106: 48.252408 | F106: 48.448852 | G106: 48.540657 | H106: 48.74054 | I106: 48.953907 | J106: 49.203736 | K106: 49.788058 | L106: 50.168607 | M106: 49.026954 | N106: 49.893852 | O106: 49.595637 | P106: 49.108809 | Q106: 49.841975 | R106: 51.256624 | S106: 51.313723 | T106: 53.481853 | U106: 54.581782 | V106: 55.826435 | W106: 55.441059 | X106: 53.715673 | Y106: 53.030385 | Z106: 54.146225 | AA106: 54.853197 | AB106: 54.95427 | AC106: 54.76411 | AD106: 55.139929 | AE106: 55.365602
A107: MDV | B107: Maldives | C107: 34.16179 | D107: 34.069182 | E107: 34.526619 | F107: 34.780348 | G107: 35.475761 | H107: 36.025569 | I107: 36.973862 | J107: 37.483445 | K107: 38.127064 | L107: 38.258284 | M107: 38.590324 | N107: 39.923913 | O107: 39.568461 | P107: 39.746294 | Q107: 40.372029 | R107: 40.405169 | S107: 40.379178 | T107: 40.278375 | U107: 39.58709 | V107: 41.222557 | W107: 41.185117 | X107: 41.106806 | Y107: 40.953577 | Z107: 41.493742 | AA107: 43.721753 | AB107: 42.588424 | AC107: 41.748011 | AD107: 43.226873 | AE107: 43.024271
A108: MLI | B108: Mali | C108: 31.602371 | D108: 31.562272 | E108: 31.490979 | F108: 31.271267 | G108: 31.555881 | H108: 31.884329 | I108: 32.435196 | J108: 32.439165 | K108: 32.873907 | L108: 33.297614 | M108: 33.705719 | N108: 31.781267 | O108: 32.659953 | P108: 32.742012 | Q108: 32.292313 | R108: 32.829117 | S108: 32.975336 | T108: 32.238246 | U108: 32.434156 | V108: 32.880225 | W108: 33.083283 | X108: 34.189183 | Y108: 34.505395 | Z108: 34.466875 | AA108: 34.95823 | AB108: 35.3402 | AC108: 34.818412 | AD108: 34.867342 | AE108: 34.822305
A109: MLT | B109: Malta | C109: 52.946145 | D109: 52.486822 | E109: 53.854449 | F109: 53.311348 | G109: 54.011106 | H109: 55.9061 | I109: 56.035165 | J109: 55.794637 | K109: 56.377899 | L109: 55.979118 | M109: 57.200844 | N109: 61.277301 | O109: 61.572267 | P109: 61.814383 | Q109: 60.956688 | R109: 62.457629 | S109: 62.343794 | T109: 57.814568 | U109: 58.119219 | V109: 57.816795 | W109: 58.257709 | X109: 56.324873 | Y109: 56.490744 | Z109: 55.98351 | AA109: 54.898322 | AB109: 55.867764 | AC109: 56.190856 | AD109: 56.413519 | AE109: 55.879359
A110: MHL | B110: Marshall Islands | C110: 35.26708 | D110: 35.351926 | E110: 35.440848 | F110: 35.532502 | G110: 35.614404 | H110: 35.692349 | I110: 35.80274 | J110: 35.915171 | K110: 36.059609 | L110: 36.220877 | M110: 36.490347 | N110: 36.617372 | O110: 35.915663 | P110: 36.348552 | Q110: 36.830124 | R110: 36.631951 | S110: 38.535547 | T110: 38.832438 | U110: 39.817182 | V110: 40.328091 | W110: 42.80461 | X110: 42.878631 | Y110: 43.421735 | Z110: 42.049545 | AA110: 39.819961 | AB110: 40.339143 | AC110: 40.438661 | AD110: 40.43481 | AE110: 40.518826
A111: MRT | B111: Mauritania | C111: 36.317603 | D111: 36.296428 | E111: 36.29919 | F111: 36.279553 | G111: 36.211973 | H111: 36.142374 | I111: 37.072404 | J111: 37.795662 | K111: 37.626553 | L111: 37.036137 | M111: 36.311352 | N111: 35.068498 | O111: 36.009013 | P111: 35.460715 | Q111: 35.785546 | R111: 35.328238 | S111: 35.141544 | T111: 35.63617 | U111: 35.478708 | V111: 35.517827 | W111: 35.479008 | X111: 37.606163 | Y111: 37.566233 | Z111: 38.058598 | AA111: 37.760698 | AB111: 37.739607 | AC111: 37.292568 | AD111: 36.934595 | AE111: 36.861926
A112: MUS | B112: Mauritius | C112: 46.673871 | D112: 46.641596 | E112: 47.13254 | F112: 47.307942 | G112: 47.251571 | H112: 47.311609 | I112: 47.662775 | J112: 48.129232 | K112: 47.891074 | L112: 47.893893 | M112: 46.97348 | N112: 48.534329 | O112: 48.863099 | P112: 49.720338 | Q112: 50.176964 | R112: 50.988493 | S112: 51.28865 | T112: 50.971251 | U112: 51.34781 | V112: 52.309083 | W112: 51.727331 | X112: 51.038028 | Y112: 51.222706 | Z112: 52.619929 | AA112: 52.932245 | AB112: 55.414282 | AC112: 55.492596 | AD112: 55.382621 | AE112: 55.53055
... A115: MDA | B115: Moldova, Republic of | C115: 46.441054 | D115: 46.301066 | E115: 46.538015 | F115: 46.535439 | G115: 46.099917 | H115: 45.258163 | I115: 46.748424 | J115: 44.991675 | K115: 46.160848 | L115: 46.04394 | M115: 48.397375 | N115: 46.758022 | O115: 47.260146 | P115: 47.281217 | Q115: 45.763531 | R115: 46.523861 | S115: 47.059519 | T115: 47.196005 | U115: 46.844708 | V115: 47.04213 | W115: 46.744991 | X115: 47.741374 | Y115: 48.137667 | Z115: 48.708957 | AA115: 49.139743 | AB115: 49.325168 | AC115: 49.958913 | AD115: 50.427015 | AE115: 50.745732
A116: MCO | B116: Monaco
A117: MNG | B117: Mongolia | C117: 46.764479 | D117: 46.746847 | E117: 47.396039 | F117: 47.169189 | G117: 46.611519 | H117: 45.620191 | I117: 46.267444 | J117: 47.239098 | K117: 47.117471 | L117: 46.932573 | M117: 46.736975 | N117: 45.875189 | O117: 45.933056 | P117: 45.764032 | Q117: 45.666426 | R117: 45.60231 | S117: 45.637209 | T117: 46.897232 | U117: 48.096021 | V117: 49.331816 | W117: 49.092102 | X117: 49.79191 | Y117: 51.436837 | Z117: 51.704843 | AA117: 52.522611 | AB117: 52.119334 | AC117: 52.347027 | AD117: 51.709218 | AE117: 52.019459
A118: MNE | B118: Montenegro | C118: 51.974158 | D118: 51.976539 | E118: 51.980081 | F118: 51.984387 | G118: 50.695571 | H118: 49.39177 | I118: 49.440273 | J118: 49.45504 | K118: 48.506393 | L118: 48.388886 | M118: 49.959404 | N118: 53.438384 | O118: 47.94756 | P118: 49.032889 | Q118: 49.396865 | R118: 49.761826 | S118: 49.837566 | T118: 51.297621 | U118: 51.357043 | V118: 52.871837 | W118: 52.891296 | X118: 52.284755 | Y118: 52.46317 | Z118: 53.194717 | AA118: 53.651003 | AB118: 53.431546 | AC118: 53.34791 | AD118: 53.15062 | AE118: 53.307693
A119: MAR | B119: Morocco | C119: 44.427113 | D119: 44.619594 | E119: 45.057067 | F119: 45.412703 | G119: 44.8418 | H119: 44.162774 | I119: 44.119314 | J119: 44.224324 | K119: 44.015047 | L119: 44.7525 | M119: 44.449871 | N119: 45.160087 | O119: 45.418611 | P119: 45.829428 | Q119: 46.419241 | R119: 47.244974 | S119: 46.339863 | T119: 46.758945 | U119: 47.466509 | V119: 49.056118 | W119: 49.430197 | X119: 49.716946 | Y119: 49.892498 | Z119: 50.553352 | AA119: 50.857783 | AB119: 50.935438 | AC119: 51.026084 | AD119: 51.243378 | AE119: 50.716266
A120: MOZ | B120: Mozambique | C120: 37.651177 | D120: 37.682911 | E120: 37.726721 | F120: 37.936623 | G120: 37.874211 | H120: 37.79283 | I120: 37.126852 | J120: 37.234384 | K120: 36.754688 | L120: 37.088266 | M120: 36.953028 | N120: 36.310021 | O120: 36.557487 | P120: 36.748232 | Q120: 36.70633 | R120: 37.014028 | S120: 36.939106 | T120: 36.205346 | U120: 36.253336 | V120: 37.015636 | W120: 36.864934 | X120: 36.755875 | Y120: 36.48689 | Z120: 37.17962 | AA120: 36.9942 | AB120: 37.237182 | AC120: 37.035298 | AD120: 37.226111 | AE120: 37.187271
A121: MMR | B121: Myanmar | C121: 33.040257 | D121: 33.106035 | E121: 33.433334 | F121: 33.864587 | G121: 33.916223 | H121: 34.034957 | I121: 34.257362 | J121: 34.473749 | K121: 33.746053 | L121: 33.062619 | M121: 34.650132 | N121: 37.687906 | O121: 38.234659 | P121: 38.401769 | Q121: 38.391586 | R121: 39.670011 | S121: 40.130314 | T121: 42.469183 | U121: 32.983889 | V121: 34.314695 | W121: 35.629427 | X121: 37.189974 | Y121: 38.262509 | Z121: 38.063955 | AA121: 37.931057 | AB121: 38.329493 | AC121: 36.658453 | AD121: 36.300745 | AE121: 36.144485
A122: NAM | B122: Namibia | C122: 43.831411 | D122: 43.830882 | E122: 43.74246 | F122: 43.731799 | G122: 43.868232 | H122: 44.093376 | I122: 42.873311 | J122: 41.708935 | K122: 41.969248 | L122: 41.282441 | M122: 40.861052 | N122: 41.027568 | O122: 41.891503 | P122: 42.985535 | Q122: 41.584819 | R122: 41.911143 | S122: 42.216622 | T122: 42.835197 | U122: 42.901049 | V122: 43.435805 | W122: 43.454315 | X122: 44.29582 | Y122: 44.906142 | Z122: 44.453083 | AA122: 44.444518 | AB122: 44.833253 | AC122: 44.726468 | AD122: 44.958637 | AE122: 44.613698
A123: NRU | B123: Nauru | C123: 41.682529 | D123: 41.42514 | E123: 41.267452 | F123: 41.304843 | G123: 41.664392 | H123: 41.911551 | I123: 41.201969 | J123: 40.467096 | K123: 41.087215 | L123: 40.321112 | M123: 41.568616 | N123: 41.142202 | O123: 39.107808 | P123: 39.138344 | Q123: 38.286544 | R123: 42.918421 | S123: 42.245976 | T123: 42.566898 | U123: 35.660455 | V123: 39.366673 | W123: 49.435736 | X123: 52.788673 | Y123: 50.485479 | Z123: 51.894251 | AA123: 52.404529 | AB123: 52.888837 | AC123: 52.136838 | AD123: 52.72852 | AE123: 52.567005
A124: NPL | B124: Nepal | C124: 37.198953 | D124: 36.74628 | E124: 36.887561 | F124: 37.127272 | G124: 36.885282 | H124: 36.96556 | I124: 36.851981 | J124: 37.57509 | K124: 37.109296 | L124: 35.795052 | M124: 37.277396 | N124: 37.342121 | O124: 37.747938 | P124: 37.773793 | Q124: 38.294883 | R124: 38.700591 | S124: 38.395135 | T124: 38.567687 | U124: 39.462206 | V124: 40.529287 | W124: 40.649633 | X124: 40.954793 | Y124: 40.511722 | Z124: 41.479873 | AA124: 41.704628 | AB124: 41.583677 | AC124: 41.523018 | AD124: 41.687318 | AE124: 41.945715
A125: NLD | B125: Netherlands | C125: 64.452844 | D125: 64.822781 | E125: 64.738427 | F125: 64.956701 | G125: 65.265214 | H125: 65.335079 | I125: 64.635113 | J125: 64.573453 | K125: 64.372049 | L125: 64.398062 | M125: 64.824979 | N125: 66.370796 | O125: 67.296444 | P125: 67.900286 | Q125: 67.843511 | R125: 67.954451 | S125: 68.393629 | T125: 68.160112 | U125: 68.319663 | V125: 69.129923 | W125: 68.402518 | X125: 67.776433 | Y125: 67.261665 | Z125: 67.333978 | AA125: 67.074182 | AB125: 67.387192 | AC125: 67.521641 | AD125: 66.685651 | AE125: 66.66029
A126: NZL | B126: New Zealand | C126: 66.96891 | D126: 67.07119 | E126: 67.25882 | F126: 67.621265 | G126: 68.022584 | H126: 68.293854 | I126: 68.807152 | J126: 69.088112 | K126: 69.328967 | L126: 69.730646 | M126: 70.143132 | N126: 73.200262 | O126: 73.743484 | P126: 74.051453 | Q126: 74.510984 | R126: 74.699171 | S126: 74.605197 | T126: 74.823478 | U126: 74.997193 | V126: 75.568216 | W126: 75.529521 | X126: 74.76162 | Y126: 74.700989 | Z126: 74.322766 | AA126: 70.262701 | AB126: 70.181009 | AC126: 70.455532 | AD126: 70.369687 | AE126: 70.0301
A127: NIC | B127: Nicaragua | C127: 40.214589 | D127: 40.330864 | E127: 39.830286 | F127: 39.092796 | G127: 39.389393 | H127: 39.719377 | I127: 40.264741 | J127: 41.577553 | K127: 41.155631 | L127: 41.527469 | M127: 40.620141 | N127: 39.399348 | O127: 39.199219 | P127: 39.163634 | Q127: 39.192841 | R127: 38.517557 | S127: 38.510931 | T127: 39.373318 | U127: 39.820364 | V127: 39.58146 | W127: 40.011843 | X127: 40.16192 | Y127: 40.250491 | Z127: 39.697511 | AA127: 39.427034 | AB127: 38.716979 | AC127: 38.554457 | AD127: 38.287537 | AE127: 38.280046
A128: NER | B128: Niger | C128: 29.460891 | D128: 29.19199 | E128: 28.890172 | F128: 28.477448 | G128: 29.013946 | H128: 29.181785 | I128: 29.072563 | J128: 29.208803 | K128: 29.78193 | L128: 30.006034 | M128: 30.46259 | N128: 28.675349 | O128: 29.817968 | P128: 30.126443 | Q128: 30.906028 | R128: 30.16484 | S128: 30.554046 | T128: 30.589353 | U128: 31.225251 | V128: 31.150106 | W128: 30.747853 | X128: 32.369575 | Y128: 32.665277 | Z128: 33.985745 | AA128: 34.530975 | AB128: 34.021132 | AC128: 34.321107 | AD128: 34.396862 | AE128: 34.634246
... A144: RWA | B144: Rwanda | C144: 31.905303 | D144: 31.89678 | E144: 31.957403 | F144: 31.867075 | G144: 32.026429 | H144: 32.067752 | I144: 32.222419 | J144: 32.539266 | K144: 33.308876 | L144: 34.017595 | M144: 32.784525 | N144: 33.259263 | O144: 34.134426 | P144: 35.076912 | Q144: 36.096485 | R144: 38.223803 | S144: 38.57815 | T144: 39.25471 | U144: 39.527323 | V144: 41.511542 | W144: 40.923911 | X144: 41.932537 | Y144: 41.970203 | Z144: 42.168364 | AA144: 42.298597 | AB144: 42.949686 | AC144: 43.070422 | AD144: 43.062589 | AE144: 43.568428
A145: KNA | B145: Saint Kitts and Nevis
A146: LCA | B146: Saint Lucia | C146: 50.963114 | D146: 51.065782 | E146: 51.082508 | F146: 51.563903 | G146: 51.631186 | H146: 51.799582 | I146: 51.762956 | J146: 51.684939 | K146: 52.295983 | L146: 52.046901 | M146: 56.691515 | N146: 54.378832 | O146: 54.420307 | P146: 55.292838 | Q146: 55.531017 | R146: 55.836 | S146: 55.86959 | T146: 55.201814 | U146: 55.802849 | V146: 54.08157 | W146: 54.548824 | X146: 54.58085 | Y146: 53.98216 | Z146: 53.688536 | AA146: 53.357274 | AB146: 52.281146 | AC146: 52.269892 | AD146: 52.586111 | AE146: 52.499869
A147: VCT | B147: Saint Vincent and the Grenadines | C147: 45.604456 | D147: 45.666099 | E147: 45.77574 | F147: 45.900916 | G147: 46.187476 | H147: 46.370021 | I147: 46.760774 | J147: 46.48237 | K147: 47.000432 | L147: 47.207635 | M147: 51.495929 | N147: 50.225013 | O147: 50.209453 | P147: 51.160898 | Q147: 51.490239 | R147: 51.550365 | S147: 51.801968 | T147: 51.88729 | U147: 52.120553 | V147: 52.146943 | W147: 52.095873 | X147: 51.797893 | Y147: 51.490774 | Z147: 52.011234 | AA147: 51.90779 | AB147: 52.131939 | AC147: 52.225335 | AD147: 52.892681 | AE147: 52.997894
A148: WSM | B148: Samoa | C148: 40.067613 | D148: 40.109462 | E148: 40.151501 | F148: 40.189863 | G148: 40.252422 | H148: 40.084618 | I148: 40.133724 | J148: 39.713958 | K148: 39.22466 | L148: 38.744993 | M148: 40.714708 | N148: 42.336042 | O148: 42.212037 | P148: 42.698592 | Q148: 41.967828 | R148: 42.949947 | S148: 42.832657 | T148: 43.763686 | U148: 43.214902 | V148: 44.903471 | W148: 44.526819 | X148: 44.110527 | Y148: 45.979562 | Z148: 46.347695 | AA148: 46.328309 | AB148: 46.449417 | AC148: 45.85912 | AD148: 44.799654 | AE148: 45.371845
A149: SMR | B149: San Marino
A150: STP | B150: Sao Tome and Principe | C150: 41.821114 | D150: 41.856006 | E150: 41.869959 | F150: 42.034274 | G150: 41.988124 | H150: 41.605015 | I150: 41.429078 | J150: 41.222989 | K150: 40.312785 | L150: 39.088036 | M150: 36.237953 | N150: 35.618143 | O150: 35.727615 | P150: 36.082978 | Q150: 36.500526 | R150: 36.930284 | S150: 37.057916 | T150: 38.776521 | U150: 38.892159 | V150: 40.116314 | W150: 40.03908 | X150: 39.902969 | Y150: 40.942903 | Z150: 40.782976 | AA150: 40.730173 | AB150: 40.755907 | AC150: 41.489811 | AD150: 42.046534 | AE150: 42.168171
A151: SAU | B151: Saudi Arabia | C151: 41.332134 | D151: 41.38279 | E151: 41.328278 | F151: 41.201342 | G151: 41.503662 | H151: 41.677721 | I151: 42.541479 | J151: 43.418905 | K151: 42.322901 | L151: 42.097246 | M151: 43.816855 | N151: 44.967412 | O151: 45.58366 | P151: 47.582668 | Q151: 47.937835 | R151: 48.990049 | S151: 47.714574 | T151: 49.104455 | U151: 50.260111 | V151: 51.710836 | W151: 51.956765 | X151: 53.430147 | Y151: 54.130483 | Z151: 54.456517 | AA151: 55.742063 | AB151: 57.294005 | AC151: 56.625129 | AD151: 57.089706 | AE151: 57.871405
A152: SEN | B152: Senegal | C152: 38.154823 | D152: 38.10972 | E152: 38.148991 | F152: 38.044906 | G152: 38.137413 | H152: 38.282731 | I152: 38.987201 | J152: 39.813307 | K152: 38.367747 | L152: 39.164687 | M152: 38.293472 | N152: 35.840099 | O152: 35.532578 | P152: 35.578327 | Q152: 37.351248 | R152: 35.793382 | S152: 36.198671 | T152: 37.080899 | U152: 37.301884 | V152: 38.100795 | W152: 38.136811 | X152: 38.838592 | Y152: 38.276123 | Z152: 39.112825 | AA152: 39.587819 | AB152: 39.951739 | AC152: 40.220477 | AD152: 39.954897 | AE152: 40.379899
A153: SRB | B153: Serbia | C153: 43.204291 | D153: 42.954875 | E153: 42.808505 | F153: 42.793472 | G153: 43.068599 | H153: 43.165009 | I153: 43.411984 | J153: 43.841912 | K153: 45.410086 | L153: 45.41206 | M153: 45.076154 | N153: 45.640762 | O153: 46.034918 | P153: 46.239159 | Q153: 46.047478 | R153: 46.163387 | S153: 46.140955 | T153: 46.30107 | U153: 47.40055 | V153: 48.427206 | W153: 47.758441 | X153: 47.993617 | Y153: 49.389457 | Z153: 48.504855 | AA153: 48.426397 | AB153: 48.402227 | AC153: 48.539349 | AD153: 48.589708 | AE153: 48.774832
A154: SYC | B154: Seychelles | C154: 46.76002 | D154: 47.301505 | E154: 47.31419 | F154: 47.564178 | G154: 47.861548 | H154: 48.39071 | I154: 48.22629 | J154: 48.173935 | K154: 48.553084 | L154: 47.624206 | M154: 47.927976 | N154: 46.79651 | O154: 47.153332 | P154: 48.003505 | Q154: 48.370611 | R154: 47.787537 | S154: 47.679359 | T154: 47.825888 | U154: 47.960106 | V154: 48.862146 | W154: 51.169731 | X154: 50.95324 | Y154: 51.786874 | Z154: 51.75576 | AA154: 53.178493 | AB154: 53.821805 | AC154: 54.538195 | AD154: 54.382849 | AE154: 53.796767
A155: SLE | B155: Sierra Leone | C155: 33.446162 | D155: 33.415354 | E155: 33.459356 | F155: 33.497127 | G155: 33.454438 | H155: 33.418617 | I155: 33.209278 | J155: 32.788777 | K155: 32.924346 | L155: 32.865136 | M155: 31.192763 | N155: 29.40523 | O155: 30.191045 | P155: 29.77448 | Q155: 30.540564 | R155: 29.81985 | S155: 30.281373 | T155: 31.165594 | U155: 31.309567 | V155: 31.891673 | W155: 32.236836 | X155: 32.567574 | Y155: 33.615017 | Z155: 33.890903 | AA155: 33.986357 | AB155: 34.169645 | AC155: 34.216944 | AD155: 33.776978 | AE155: 33.757651
A156: SGP | B156: Singapore | C156: 59.52655 | D156: 60.182218 | E156: 60.687302 | F156: 60.831889 | G156: 61.382826 | H156: 62.579042 | I156: 62.712737 | J156: 63.499661 | K156: 63.452061 | L156: 64.22926 | M156: 63.73958 | N156: 66.686137 | O156: 67.672828 | P156: 67.961544 | Q156: 67.403658 | R156: 68.770387 | S156: 69.194168 | T156: 69.363489 | U156: 70.035035 | V156: 71.100994 | W156: 71.117943 | X156: 70.02342 | Y156: 70.43778 | Z156: 70.809811 | AA156: 70.715365 | AB156: 70.918842 | AC156: 71.239905 | AD156: 71.06372 | AE156: 70.790224
A157: SVK | B157: Slovakia | C157: 50.64902 | D157: 50.300711 | E157: 50.218281 | F157: 50.117668 | G157: 50.623536 | H157: 51.224796 | I157: 50.994159 | J157: 50.950366 | K157: 52.187287 | L157: 52.58441 | M157: 53.370963 | N157: 54.538833 | O157: 54.859504 | P157: 54.770154 | Q157: 54.918467 | R157: 54.71478 | S157: 54.66106 | T157: 53.898715 | U157: 54.23507 | V157: 54.825469 | W157: 54.480133 | X157: 54.632437 | Y157: 54.213536 | Z157: 55.081048 | AA157: 54.664651 | AB157: 55.822025 | AC157: 54.941363 | AD157: 54.744428 | AE157: 55.168681
A158: SVN | B158: Slovenia | C158: 58.707547 | D158: 58.506902 | E158: 58.677186 | F158: 59.606552 | G158: 58.970644 | H158: 59.172374 | I158: 59.338684 | J158: 59.323354 | K158: 59.896916 | L158: 61.084534 | M158: 61.079833 | N158: 61.378317 | O158: 61.801306 | P158: 61.087658 | Q158: 62.693449 | R158: 63.694278 | S158: 64.250259 | T158: 64.150586 | U158: 63.921705 | V158: 64.455334 | W158: 64.089917 | X158: 63.931902 | Y158: 63.604545 | Z158: 63.422181 | AA158: 63.287087 | AB158: 62.823428 | AC158: 62.550957 | AD158: 62.756344 | AE158: 62.846963
A159: SLB | B159: Solomon Islands | C159: 40.181956 | D159: 40.178761 | E159: 40.280465 | F159: 40.340198 | G159: 39.833498 | H159: 39.022541 | I159: 38.980467 | J159: 36.921684 | K159: 38.054035 | L159: 35.975639 | M159: 35.973387 | N159: 34.353595 | O159: 33.512566 | P159: 33.775228 | Q159: 33.910639 | R159: 33.457402 | S159: 33.561642 | T159: 33.523201 | U159: 34.289634 | V159: 35.35608 | W159: 36.622225 | X159: 36.125721 | Y159: 38.951321 | Z159: 38.718816 | AA159: 37.037658 | AB159: 39.516467 | AC159: 37.861803 | AD159: 36.356764 | AE159: 36.793758
A160: SOM | B160: Somalia | C160: 32.087647 | D160: 32.033981 | E160: 32.28104 | F160: 32.533332 | G160: 32.307522 | H160: 32.143746 | I160: 32.836071 | J160: 33.525242 | K160: 31.156085 | L160: 29.341 | M160: 31.681999 | N160: 36.684203 | O160: 36.855235 | P160: 36.397076 | Q160: 37.337617 | R160: 39.486612 | S160: 39.568952 | T160: 40.39667 | U160: 40.721814 | V160: 40.960076 | W160: 41.112179 | X160: 35.949825 | Y160: 35.710353 | Z160: 35.427677 | AA160: 35.729312 | AB160: 35.937161 | AC160: 35.330047 | AD160: 35.348657 | AE160: 35.727782
A161: ZAF | B161: South Africa | C161: 48.191633 | D161: 48.110206 | E161: 48.02024 | F161: 47.772519 | G161: 47.729294 | H161: 47.963629 | I161: 47.57781 | J161: 47.314502 | K161: 46.937048 | L161: 47.534661 | M161: 47.397622 | N161: 47.043481 | O161: 46.429541 | P161: 46.261063 | Q161: 46.434732 | R161: 45.714832 | S161: 45.53683 | T161: 45.292152 | U161: 46.034586 | V161: 46.731342 | W161: 46.71778 | X161: 47.996062 | Y161: 46.990044 | Z161: 46.743895 | AA161: 47.033727 | AB161: 46.860315 | AC161: 47.419773 | AD161: 46.395526 | AE161: 46.5976
... A193: ZWE | B193: Zimbabwe | C193: 38.036133 | D193: 37.822996 | E193: 37.445809 | F193: 36.984452 | G193: 35.764941 | H193: 34.32405 | I193: 34.213788 | J193: 33.845586 | K193: 33.585674 | L193: 33.312955 | M193: 33.070865 | N193: 32.078904 | O193: 32.297684 | P193: 31.791737 | Q193: 31.714212 | R193: 30.866758 | S193: 30.75617 | T193: 31.375191 | U193: 31.204219 | V193: 31.43946 | W193: 31.594093 | X193: 32.421994 | Y193: 32.508311 | Z193: 32.965235 | AA193: 33.217883 | AB193: 33.229297 | AC193: 33.581333 | AD193: 33.821738 | AE193: 34.031482

Sheet cumulative-co-emissions
A1: Entity | B1: Code | C1: Year | D1: Cumulative CO‚ÇÇ emissions
A2: Afghanistan | B2: AFG | C2: 1949 | D2: 14656
A3: Afghanistan | B3: AFG | C3: 1950 | D3: 98928
A4: Afghanistan | B4: AFG | C4: 1951 | D4: 190528
A5: Afghanistan | B5: AFG | C5: 1952 | D5: 282128
A6: Afghanistan | B6: AFG | C6: 1953 | D6: 388384
A7: Afghanistan | B7: AFG | C7: 1954 | D7: 494640
A8: Afghanistan | B8: AFG | C8: 1955 | D8: 648528
A9: Afghanistan | B9: AFG | C9: 1956 | D9: 831728
A10: Afghanistan | B10: AFG | C10: 1957 | D10: 1124848
A11: Afghanistan | B11: AFG | C11: 1958 | D11: 1454608
A12: Afghanistan | B12: AFG | C12: 1959 | D12: 1839179
A13: Afghanistan | B13: AFG | C13: 1960 | D13: 2253064
... A77: Afghanistan | B77: AFG | C77: 2024 | D77: 242635440
A78: Africa | C78: 1884 | D78: 21984
A79: Africa | C79: 1885 | D79: 58624
A80: Africa | C80: 1886 | D80: 106256
A81: Africa | C81: 1887 | D81: 153888
A82: Africa | C82: 1888 | D82: 234496
A83: Africa | C83: 1889 | D83: 366400
A84: Africa | C84: 1890 | D84: 663184
A85: Africa | C85: 1891 | D85: 959968
A86: Africa | C86: 1892 | D86: 1439952
A87: Africa | C87: 1893 | D87: 3238976
A88: Africa | C88: 1894 | D88: 5671872
A89: Africa | C89: 1895 | D89: 9009776
... A218: Africa | C218: 2024 | D218: 54125340000
A219: Albania | B219: ALB | C219: 1933 | D219: 7328
A220: Albania | B220: ALB | C220: 1934 | D220: 14656
A221: Albania | B221: ALB | C221: 1935 | D221: 32976
A222: Albania | B222: ALB | C222: 1936 | D222: 161186
A223: Albania | B223: ALB | C223: 1937 | D223: 457911
A224: Albania | B224: ALB | C224: 1938 | D224: 805991
A225: Albania | B225: ALB | C225: 1939 | D225: 1238343
A226: Albania | B226: ALB | C226: 1940 | D226: 1930839
A227: Albania | B227: ALB | C227: 1941 | D227: 2557324
A228: Albania | B228: ALB | C228: 1942 | D228: 3301116
A229: Albania | B229: ALB | C229: 1943 | D229: 3762780
A230: Albania | B230: ALB | C230: 1944 | D230: 3916668
... A1118: Aruba | B1118: ABW | C1118: 2024 | D1118: 75768540
A1119: Asia | C1119: 1750 | D1119: 0
A1120: Asia | C1120: 1751 | D1120: 0
A1121: Asia | C1121: 1752 | D1121: 0
A1122: Asia | C1122: 1753 | D1122: 0
A1123: Asia | C1123: 1754 | D1123: 0
A1124: Asia | C1124: 1755 | D1124: 0
A1125: Asia | C1125: 1756 | D1125: 0
A1126: Asia | C1126: 1757 | D1126: 0
A1127: Asia | C1127: 1758 | D1127: 0
A1128: Asia | C1128: 1759 | D1128: 0
A1129: Asia | C1129: 1760 | D1129: 0
A1130: Asia | C1130: 1761 | D1130: 0
... A1668: Asia (excl. China and India) | C1668: 2024 | D1668: 274475580000
A1669: Australia | B1669: AUS | C1669: 1750 | D1669: 0
A1670: Australia | B1670: AUS | C1670: 1751 | D1670: 0
A1671: Australia | B1671: AUS | C1671: 1752 | D1671: 0
A1672: Australia | B1672: AUS | C1672: 1753 | D1672: 0
A1673: Australia | B1673: AUS | C1673: 1754 | D1673: 0
A1674: Australia | B1674: AUS | C1674: 1755 | D1674: 0
A1675: Australia | B1675: AUS | C1675: 1756 | D1675: 0
A1676: Australia | B1676: AUS | C1676: 1757 | D1676: 0
A1677: Australia | B1677: AUS | C1677: 1758 | D1677: 0
A1678: Australia | B1678: AUS | C1678: 1759 | D1678: 0
A1679: Australia | B1679: AUS | C1679: 1760 | D1679: 0
A1680: Australia | B1680: AUS | C1680: 1761 | D1680: 0
... A7988: Ethiopia | B7988: ETH | C7988: 2024 | D7988: 330228480
A7989: Europe | C7989: 1750 | D7989: 9305937
A7990: Europe | C7990: 1751 | D7990: 18713166
A7991: Europe | C7991: 1752 | D7991: 28218334
A7992: Europe | C7992: 1753 | D7992: 37828824
A7993: Europe | C7993: 1754 | D7993: 47562404
A7994: Europe | C7994: 1755 | D7994: 57355870
A7995: Europe | C7995: 1756 | D7995: 67265784
A7996: Europe | C7996: 1757 | D7996: 77359720
A7997: Europe | C7997: 1758 | D7997: 87576080
A7998: Europe | C7998: 1759 | D7998: 97914936
A7999: Europe | C7999: 1760 | D7999: 108429260
A8000: Europe | C8000: 1761 | D8000: 119177150
... A9321: European Union (28) | C9321: 2024 | D9321: 380981280000
A9322: Faroe Islands | B9322: FRO | C9322: 1950 | D9322: 40304
A9323: Faroe Islands | B9323: FRO | C9323: 1951 | D9323: 80608
A9324: Faroe Islands | B9324: FRO | C9324: 1952 | D9324: 135568
A9325: Faroe Islands | B9325: FRO | C9325: 1953 | D9325: 219840
A9326: Faroe Islands | B9326: FRO | C9326: 1954 | D9326: 296784
A9327: Faroe Islands | B9327: FRO | C9327: 1955 | D9327: 395712
A9328: Faroe Islands | B9328: FRO | C9328: 1956 | D9328: 509296
A9329: Faroe Islands | B9329: FRO | C9329: 1957 | D9329: 604560
A9330: Faroe Islands | B9330: FRO | C9330: 1958 | D9330: 721808
A9331: Faroe Islands | B9331: FRO | C9331: 1959 | D9331: 820736
A9332: Faroe Islands | B9332: FRO | C9332: 1960 | D9332: 879360
A9333: Faroe Islands | B9333: FRO | C9333: 1961 | D9333: 992944
... A11383: Haiti | B11383: HTI | C11383: 2024 | D11383: 88844200
A11384: High-income countries | C11384: 1750 | D11384: 9305937
A11385: High-income countries | C11385: 1751 | D11385: 18713166
A11386: High-income countries | C11386: 1752 | D11386: 28218334
A11387: High-income countries | C11387: 1753 | D11387: 37828824
A11388: High-income countries | C11388: 1754 | D11388: 47562404
A11389: High-income countries | C11389: 1755 | D11389: 57355870
A11390: High-income countries | C11390: 1756 | D11390: 67265784
A11391: High-income countries | C11391: 1757 | D11391: 77359720
...

Sheet cumulative-co-emissions1850
A1: Entity | B1: Code | C1: Year | D1: Cumulative CO‚ÇÇ emissions
A2: Afghanistan | B2: AFG | C2: 1949 | D2: 14656
A3: Afghanistan | B3: AFG | C3: 1950 | D3: 98928
A4: Afghanistan | B4: AFG | C4: 1951 | D4: 190528
A5: Afghanistan | B5: AFG | C5: 1952 | D5: 282128
A6: Afghanistan | B6: AFG | C6: 1953 | D6: 388384
A7: Afghanistan | B7: AFG | C7: 1954 | D7: 494640
A8: Afghanistan | B8: AFG | C8: 1955 | D8: 648528
A9: Afghanistan | B9: AFG | C9: 1956 | D9: 831728
A10: Afghanistan | B10: AFG | C10: 1957 | D10: 1124848
A11: Afghanistan | B11: AFG | C11: 1958 | D11: 1454608
A12: Afghanistan | B12: AFG | C12: 1959 | D12: 1839179
A13: Afghanistan | B13: AFG | C13: 1960 | D13: 2253064
... A77: Afghanistan | B77: AFG | C77: 2024 | D77: 242635440
A78: Africa | C78: 1884 | D78: 21984
A79: Africa | C79: 1885 | D79: 58624
A80: Africa | C80: 1886 | D80: 106256
A81: Africa | C81: 1887 | D81: 153888
A82: Africa | C82: 1888 | D82: 234496
A83: Africa | C83: 1889 | D83: 366400
A84: Africa | C84: 1890 | D84: 663184
A85: Africa | C85: 1891 | D85: 959968
A86: Africa | C86: 1892 | D86: 1439952
A87: Africa | C87: 1893 | D87: 3238976
A88: Africa | C88: 1894 | D88: 5671872
A89: Africa | C89: 1895 | D89: 9009776
... A218: Africa | C218: 2024 | D218: 54125340000
A219: Albania | B219: ALB | C219: 1933 | D219: 7328
A220: Albania | B220: ALB | C220: 1934 | D220: 14656
A221: Albania | B221: ALB | C221: 1935 | D221: 32976
A222: Albania | B222: ALB | C222: 1936 | D222: 161186
A223: Albania | B223: ALB | C223: 1937 | D223: 457911
A224: Albania | B224: ALB | C224: 1938 | D224: 805991
A225: Albania | B225: ALB | C225: 1939 | D225: 1238343
A226: Albania | B226: ALB | C226: 1940 | D226: 1930839
A227: Albania | B227: ALB | C227: 1941 | D227: 2557324
A228: Albania | B228: ALB | C228: 1942 | D228: 3301116
A229: Albania | B229: ALB | C229: 1943 | D229: 3762780
A230: Albania | B230: ALB | C230: 1944 | D230: 3916668
... A1118: Aruba | B1118: ABW | C1118: 2024 | D1118: 75768540
A1119: Asia | C1119: 1750 | D1119: 0
A1120: Asia | C1120: 1751 | D1120: 0
A1121: Asia | C1121: 1752 | D1121: 0
A1122: Asia | C1122: 1753 | D1122: 0
A1123: Asia | C1123: 1754 | D1123: 0
A1124: Asia | C1124: 1755 | D1124: 0
A1125: Asia | C1125: 1756 | D1125: 0
A1126: Asia | C1126: 1757 | D1126: 0
A1127: Asia | C1127: 1758 | D1127: 0
A1128: Asia | C1128: 1759 | D1128: 0
A1129: Asia | C1129: 1760 | D1129: 0
A1130: Asia | C1130: 1761 | D1130: 0
... A1668: Asia (excl. China and India) | C1668: 2024 | D1668: 274475580000
A1669: Australia | B1669: AUS | C1669: 1750 | D1669: 0
A1670: Australia | B1670: AUS | C1670: 1751 | D1670: 0
A1671: Australia | B1671: AUS | C1671: 1752 | D1671: 0
A1672: Australia | B1672: AUS | C1672: 1753 | D1672: 0
A1673: Australia | B1673: AUS | C1673: 1754 | D1673: 0
A1674: Australia | B1674: AUS | C1674: 1755 | D1674: 0
A1675: Australia | B1675: AUS | C1675: 1756 | D1675: 0
A1676: Australia | B1676: AUS | C1676: 1757 | D1676: 0
A1677: Australia | B1677: AUS | C1677: 1758 | D1677: 0
A1678: Australia | B1678: AUS | C1678: 1759 | D1678: 0
A1679: Australia | B1679: AUS | C1679: 1760 | D1679: 0
A1680: Australia | B1680: AUS | C1680: 1761 | D1680: 0
... A7988: Ethiopia | B7988: ETH | C7988: 2024 | D7988: 330228480
A7989: Europe | C7989: 1750 | D7989: 9305937
A7990: Europe | C7990: 1751 | D7990: 18713166
A7991: Europe | C7991: 1752 | D7991: 28218334
A7992: Europe | C7992: 1753 | D7992: 37828824
A7993: Europe | C7993: 1754 | D7993: 47562404
A7994: Europe | C7994: 1755 | D7994: 57355870
A7995: Europe | C7995: 1756 | D7995: 67265784
A7996: Europe | C7996: 1757 | D7996: 77359720
A7997: Europe | C7997: 1758 | D7997: 87576080
A7998: Europe | C7998: 1759 | D7998: 97914936
A7999: Europe | C7999: 1760 | D7999: 108429260
A8000: Europe | C8000: 1761 | D8000: 119177150
... A9321: European Union (28) | C9321: 2024 | D9321: 380981280000
A9322: Faroe Islands | B9322: FRO | C9322: 1950 | D9322: 40304
A9323: Faroe Islands | B9323: FRO | C9323: 1951 | D9323: 80608
A9324: Faroe Islands | B9324: FRO | C9324: 1952 | D9324: 135568
A9325: Faroe Islands | B9325: FRO | C9325: 1953 | D9325: 219840
A9326: Faroe Islands | B9326: FRO | C9326: 1954 | D9326: 296784
A9327: Faroe Islands | B9327: FRO | C9327: 1955 | D9327: 395712
A9328: Faroe Islands | B9328: FRO | C9328: 1956 | D9328: 509296
A9329: Faroe Islands | B9329: FRO | C9329: 1957 | D9329: 604560
A9330: Faroe Islands | B9330: FRO | C9330: 1958 | D9330: 721808
A9331: Faroe Islands | B9331: FRO | C9331: 1959 | D9331: 820736
A9332: Faroe Islands | B9332: FRO | C9332: 1960 | D9332: 879360
A9333: Faroe Islands | B9333: FRO | C9333: 1961 | D9333: 992944
... A11383: Haiti | B11383: HTI | C11383: 2024 | D11383: 88844200
A11384: High-income countries | C11384: 1750 | D11384: 9305937
A11385: High-income countries | C11385: 1751 | D11385: 18713166
A11386: High-income countries | C11386: 1752 | D11386: 28218334
A11387: High-income countries | C11387: 1753 | D11387: 37828824
A11388: High-income countries | C11388: 1754 | D11388: 47562404
A11389: High-income countries | C11389: 1755 | D11389: 57355870
A11390: High-income countries | C11390: 1756 | D11390: 67265784
A11391: High-income countries | C11391: 1757 | D11391: 77359720
...
